val_loss,val_mean_absolute_percentage_error,val_mean_absolute_error,val_mean_squared_error,loss,mean_absolute_percentage_error,mean_absolute_error,mean_squared_error
0.06197147820108008,3712624.786538908,0.227905804567998,0.06197147820108008,0.07842530274917374,835612.0139577588,0.251741288221014,0.07842530274917374
0.0369057626564904,2653280.4762234828,0.1659523778327621,0.0369057626564904,0.04708752395116337,579515.0547232535,0.1918797292680535,0.04708752395116337
0.018456107669390074,1346731.1487438844,0.10991425340128418,0.018456107669390074,0.027702181640654192,365715.8252958898,0.1377536544064378,0.027702181640654192
0.01412252605994149,988302.314022253,0.08870709842384451,0.01412252605994149,0.020190615347903212,277370.245236257,0.11207446386265367,0.020190615347903212
0.0108395665330757,1082784.5679964877,0.08235701070268556,0.0108395665330757,0.015157249263823972,222947.9794705281,0.09480849044280996,0.015157249263823972
0.00830393018994001,1006754.2688934024,0.07124972299183949,0.00830393018994001,0.011472418127631395,211672.46263327525,0.08396234397771042,0.011472418127631395
0.007692758999027238,911408.0636898834,0.06710962781516633,0.007692758999027238,0.008738451480720617,226203.9894454964,0.07384986390080255,0.008738451480720617
0.006187630605210762,962065.1618885002,0.06351074583754682,0.006187630605210762,0.007249970662961085,229112.78597716964,0.06846397867327418,0.007249970662961085
0.009065859987962954,744810.4159687911,0.07295387673496019,0.009065859987962954,0.0065049390417205085,212029.69483224105,0.06521631470728222,0.0065049390417205085
0.006009780907874355,1112007.8148006024,0.06661847698511464,0.006009780907874355,0.006245421860376848,208303.4861761445,0.06423437847896306,0.006245421860376848
0.006515784899123234,871612.6712054262,0.0657334745963021,0.006515784899123234,0.006140588006544006,197612.17793231428,0.06375034413037649,0.006140588006544006
0.006054555287234264,840983.3919804639,0.0636608937736785,0.006054555287234264,0.005824783673540298,206233.68649618537,0.06191878968627592,0.005824783673540298
0.006393189754078884,819777.3346755528,0.06486725025247819,0.006393189754078884,0.005797873772959716,188797.85465045733,0.06211518219667739,0.005797873772959716
0.005188270370558937,915441.6045761864,0.06034475756753789,0.005188270370558937,0.005649778585738091,199590.70895509224,0.060888656278503483,0.005649778585738091
0.005055624807235038,925487.1525558623,0.06006030775237792,0.005055624807235038,0.005479254962947891,184365.78799398386,0.060168161675044254,0.005479254962947891
0.006970741140591626,764437.4842119878,0.06621056898395614,0.006970741140591626,0.005429368296318065,212926.4005578703,0.05966879458950183,0.005429368296318065
0.005179971023139977,974693.2099805776,0.061833644931269166,0.005179971023139977,0.005310773130563047,187022.4731024072,0.05922673031084799,0.005310773130563047
0.00728188362894672,700105.8358929323,0.06638614243209952,0.00728188362894672,0.005230255323915859,191991.9435029804,0.05855605246218267,0.005230255323915859
0.006099349016895388,737179.6506308377,0.062150741641474244,0.006099349016895388,0.005164621998098372,184546.5897935255,0.05795653182005043,0.005164621998098372
0.00525602325797081,757051.3142405595,0.058881917654877845,0.00525602325797081,0.005108432550887668,180982.07319468822,0.057584000985307936,0.005108432550887668
0.004594477548236304,855275.1394614041,0.05764091995978119,0.004594477548236304,0.004963086362897809,190997.6991576146,0.05649768044125764,0.004963086362897809
0.004499794380499585,857699.9908979057,0.057279863422459894,0.004499794380499585,0.00502817880795878,164575.5158990047,0.05693237630124789,0.00502817880795878
0.005604958917834971,676272.9135177159,0.059334212157985955,0.005604958917834971,0.0048323096362438344,173899.1871392335,0.05626466713896627,0.0048323096362438344
0.004908621163651494,692955.4593782331,0.05621526714893851,0.004908621163651494,0.0048473128806447285,172747.3033502722,0.05537443396626055,0.0048473128806447285
0.0043177992926154395,778309.7970621845,0.05531267840230819,0.0043177992926154395,0.004773482803159397,167983.25019926432,0.05499247888507369,0.004773482803159397
0.004397100649110162,735309.8947670814,0.05459402435191787,0.004397100649110162,0.00478208757211668,169296.48241570994,0.05516824506211456,0.00478208757211668
0.005238100996997097,657317.7266008736,0.0571788096486932,0.005238100996997097,0.004643158119952935,164739.34645757911,0.05440640918562053,0.004643158119952935
0.004325743303588122,738994.7655523319,0.054268662033989876,0.004325743303588122,0.0045308451017382475,163217.14155969405,0.053117170779174466,0.0045308451017382475
0.004059857541307954,760899.909499971,0.054249573130123685,0.004059857541307954,0.004557228483224441,162699.07553614659,0.053444531648818655,0.004557228483224441
0.00405893474817276,781726.3628742483,0.05435426514780167,0.00405893474817276,0.004449906098278052,155056.96818411382,0.05291873231702457,0.004449906098278052
0.004005798401477018,705677.8802886057,0.052942678147908484,0.004005798401477018,0.004491822967326334,161909.15542400477,0.05301991625798105,0.004491822967326334
0.00391267325341849,737019.8654374226,0.05321956720977727,0.00391267325341849,0.004373049048933969,151085.6391243416,0.052454786288052314,0.004373049048933969
0.003857887391517363,743372.8276708622,0.053172214233344145,0.003857887391517363,0.00442536821279575,147834.73093583895,0.05209486645167274,0.00442536821279575
0.003856797960798929,670123.976137218,0.05183719378886836,0.003856797960798929,0.004381431885385672,160462.5979645529,0.052171508444417355,0.004381431885385672
0.004906237143838759,593463.1538848877,0.054410231585549834,0.004906237143838759,0.004401349412160864,147287.69918516744,0.05183456459337639,0.004401349412160864
0.003755705597081987,663676.7459910176,0.0513705775731861,0.003755705597081987,0.0042928211487383355,146859.70750405997,0.05132165935655925,0.0042928211487383355
0.00428471714258194,593898.3555053107,0.051810421639739875,0.00428471714258194,0.004341087376853501,134826.39227205116,0.05142833125110494,0.004341087376853501
0.0036866963555169576,706055.6803389445,0.05171906380075039,0.0036866963555169576,0.004254649588040503,134142.33971524,0.05095772129247142,0.004254649588040503
0.003841606932369494,641450.5875201839,0.050842181253846326,0.003841606932369494,0.004259925239234458,142865.54270377388,0.05123368252501385,0.004259925239234458
0.005197482653847426,564646.09969564,0.05499901102468519,0.005197482653847426,0.004246334831611583,146354.50375663288,0.05108203338796818,0.004246334831611583
0.0035662913999271275,653899.4019912871,0.050405987492292234,0.0035662913999271275,0.004239647812687186,139014.59556284116,0.051212053448431626,0.004239647812687186
0.003924191560559343,578619.445263551,0.050210456483729994,0.003924191560559343,0.004163920729119121,143534.36263172713,0.050507017715207166,0.004163920729119121
0.003721112182529846,706528.4375555963,0.051969189971390335,0.003721112182529846,0.004169653997381173,138808.21867956742,0.05004290140151226,0.004169653997381173
0.003902927064106311,570925.8386103564,0.04996576163880896,0.003902927064106311,0.004077943612435266,146053.07074254248,0.04987557757502942,0.004077943612435266
0.003711214800835541,659442.6741275599,0.05126064193278256,0.003711214800835541,0.004118797521870847,142128.11589434568,0.0499256074886634,0.004118797521870847
0.0034440028882299616,602679.0091471153,0.04910482016235295,0.0034440028882299616,0.004108267366818602,128075.57005935986,0.049616935920837484,0.004108267366818602
0.0037045780924324055,563892.2712036737,0.04932690028211858,0.0037045780924324055,0.004131957826205087,141171.52342824088,0.049813850435829136,0.004131957826205087
0.004492751101382298,507478.6333862909,0.051338400064718605,0.004492751101382298,0.004101814002193084,134667.94782916384,0.04937070211531674,0.004101814002193084
0.004435745081725982,494106.48528780794,0.05080394232922261,0.004435745081725982,0.004104709014929322,140400.9660883837,0.04984352592020616,0.004104709014929322
0.0033945293917256123,580042.0573727448,0.048420541172865594,0.0033945293917256123,0.0040005564548200485,118552.03364557776,0.048843294362519454,0.0040005564548200485
0.004022468757437597,520846.8195746394,0.049488189159938606,0.004022468757437597,0.00404969087194532,121444.41763247532,0.04895547343612782,0.00404969087194532
0.00331613680781188,590975.3880092507,0.048204951283365195,0.00331613680781188,0.003982555216126422,128945.78762875115,0.048433071424224414,0.003982555216126422
0.0038898777202841374,526795.8267863056,0.049000410676592644,0.0038898777202841374,0.004032351141937441,131626.22226736738,0.049219281931911336,0.004032351141937441
0.0034109520412391363,582512.2950795995,0.048399443267890724,0.0034109520412391363,0.003991684030704259,129244.04522003279,0.048702911981315405,0.003991684030704259
0.00321840209480707,588212.973286846,0.04787773085702764,0.00321840209480707,0.003943054693473549,125704.40116515086,0.048468136383759866,0.003943054693473549
0.004236836493531666,495560.3235363347,0.04995090588189588,0.004236836493531666,0.004067801083210529,124182.97450462618,0.04892507780595823,0.004067801083210529
0.0034626267186485893,521040.6715513928,0.04770824822163818,0.0034626267186485893,0.0039813410838467865,134312.5712456756,0.04874704946938528,0.0039813410838467865
0.0034480812650468976,520936.8461627016,0.04766675106959768,0.0034480812650468976,0.003931552737450136,120865.11088780008,0.04850741706032911,0.003931552737450136
0.0034967356817889035,523327.1074477092,0.047687412045969824,0.0034967356817889035,0.003969815393840807,135019.97209913182,0.048298652710112154,0.003969815393840807
0.0031851628140574044,596263.9519153255,0.047657698798592725,0.0031851628140574044,0.003961736455640971,125608.67093920294,0.048338808882756414,0.003961736455640971
0.0031553533684351657,565612.2944621473,0.04710462943899749,0.0031553533684351657,0.0038753557847240176,120144.65603193182,0.048003752565640746,0.0038753557847240176
0.003661650318265109,496390.51406981214,0.04765893607446463,0.003661650318265109,0.003934657816587704,125406.28856883047,0.04855303281327955,0.003934657816587704
0.0034852378107238526,640959.1789543227,0.04977989853313654,0.0034852378107238526,0.003924638106322764,120461.53107447982,0.048325813887812125,0.003924638106322764
0.0031529412199143726,620015.5593044168,0.04778224901102557,0.0031529412199143726,0.003871541389049321,119607.97318973832,0.047821665285483074,0.003871541389049321
0.0037547847334443046,475469.0855904759,0.047596375061438816,0.0037547847334443046,0.0038572474201985537,127187.7120985832,0.047741206612436006,0.0038572474201985537
0.00322404464402485,511602.5517434602,0.04655772041861374,0.00322404464402485,0.0038887727244635256,116080.71766038975,0.04782545641730224,0.0038887727244635256
0.0032380235953127392,593648.5210068203,0.047799481208076575,0.0032380235953127392,0.0039031498640172742,130863.09359375978,0.04764555534421301,0.0039031498640172742
0.0034741598162984495,656993.810764275,0.04993417412780299,0.0034741598162984495,0.0038292314421681122,117180.63789048548,0.04733465627791126,0.0038292314421681122
0.003312431543254026,493989.1864633088,0.04654080922355746,0.003312431543254026,0.0038916551936476547,122050.56728310717,0.048148781589721294,0.0038916551936476547
0.0030101582656918775,525545.6037573484,0.0458349668891123,0.0030101582656918775,0.003868661148824029,123461.746604731,0.04746583275226812,0.003868661148824029
0.003489637378566336,469706.8043944104,0.046703441197624304,0.003489637378566336,0.003913915170066908,111957.48015344913,0.047728381403029374,0.003913915170066908
0.0038411028816890303,669593.0457730435,0.05273506484261834,0.0038411028816890303,0.0038386884791932166,111336.03301885688,0.04728179484903343,0.0038386884791932166
0.0036490525598499445,478990.4977468358,0.04706814567936529,0.0036490525598499445,0.0038798166579883534,121169.32155165118,0.04793327058216677,0.0038798166579883534
0.0042202028994549915,693790.2357733698,0.05543839629038726,0.0042202028994549915,0.0037943425823709744,121778.72437851064,0.04719825750642617,0.0037943425823709744
0.0033316703093708446,484210.03040004015,0.046203531103559056,0.0033316703093708446,0.003859579764283054,116667.33881134418,0.04765299600375306,0.003859579764283054
0.004053387235352161,423533.8865452379,0.04828423803838173,0.004053387235352161,0.003815053864903415,119185.88042941522,0.04731888294854229,0.003815053864903415
0.0030870054581082695,588988.4844759195,0.04687477567113272,0.0030870054581082695,0.0038257172712698947,114605.09125970028,0.04713399130195238,0.0038257172712698947
0.003174542965791603,495882.5019446647,0.04578689264483971,0.003174542965791603,0.0038032605162519753,110413.00453117679,0.04704531399641799,0.0038032605162519753
0.00485567590406183,423548.50691260915,0.05186970048759243,0.00485567590406183,0.0038436238773370724,122073.48166038685,0.04726250805215214,0.0038436238773370724
0.0028828948524107435,532857.9664249232,0.045231969787342716,0.0028828948524107435,0.0038675963235686225,121531.02225678404,0.047535983145753774,0.0038675963235686225
0.0033156777395507192,608773.5918249753,0.04829712687890128,0.0033156777395507192,0.0037367808259632074,117573.10360521125,0.0466297332880626,0.0037367808259632074
0.002903519292813864,531050.1896614603,0.045168209378377046,0.002903519292813864,0.0037650995922318443,103339.26081426484,0.04702704799367889,0.0037650995922318443
0.0028928777866876953,539923.1704121203,0.04527910732396758,0.0028928777866876953,0.003805479479765718,121454.82723729759,0.046969917664011714,0.003805479479765718
0.0031241766513684893,482812.29892133956,0.04534186459708922,0.0031241766513684893,0.003778089518613303,113961.70796379013,0.04680916818697642,0.003778089518613303
0.0029041264851642126,470984.7745102986,0.04431525204736408,0.0029041264851642126,0.0037841626032609423,113002.0965242471,0.047013500142554766,0.0037841626032609423
0.0034531919068961155,442332.35612230963,0.0458046886147839,0.0034531919068961155,0.0037825756298384963,115145.84485430374,0.046872247043748434,0.0037825756298384963
0.003186014116658728,472251.2452558763,0.04527964992540898,0.003186014116658728,0.0037656741687089315,119233.14898804821,0.04686305681718254,0.0037656741687089315
0.0031449243721395435,461166.49973667256,0.04504741672979723,0.0031449243721395435,0.0037752229392947457,111515.3970512314,0.04710123484393389,0.0037752229392947457
0.0028067103905216008,503507.15314415656,0.04424769785439614,0.0028067103905216008,0.0037647922075766125,111797.36726137644,0.04674245976401014,0.0037647922075766125
0.0030977760423159246,442662.295634959,0.04466478755273441,0.0030977760423159246,0.00379248812458959,115472.9411254994,0.04698729657392344,0.00379248812458959
0.0033528123760946317,438140.782386251,0.045345986354174,0.0033528123760946317,0.0037337284006865494,111238.89834690945,0.0467346015019725,0.0037337284006865494
0.0035114992193250667,600292.9946053382,0.04940566166055085,0.0035114992193250667,0.003698193085689687,104554.01692664166,0.04665200783432125,0.003698193085689687
0.002776821283393051,500203.1325801434,0.04401908578849075,0.002776821283393051,0.003759955512741468,119353.96006097709,0.046816320893126165,0.003759955512741468
0.0029980008222974175,456358.03579817666,0.044310380179103055,0.0029980008222974175,0.0037500178478110076,106963.47509889909,0.04646924847499108,0.0037500178478110076
0.0027777807081653047,498039.8859734866,0.04380639760506035,0.0027777807081653047,0.0037034377952449363,110229.36045486001,0.04646510844027376,0.0037034377952449363
0.0028035317335535982,492669.84723988146,0.0439673993404549,0.0028035317335535982,0.003704243381441626,112021.41011739541,0.04632686468108478,0.003704243381441626
0.003808408712802252,421965.9191701908,0.04683501686495129,0.003808408712802252,0.0036840591037913145,107337.40537495395,0.04621514192323777,0.0036840591037913145
0.0038764898015167747,373747.00107446045,0.04719608852473816,0.0038764898015167747,0.0037600445204829924,118753.34545521477,0.04667821446853566,0.0037600445204829924
0.0027588471922433315,476454.24555636867,0.043524512670712896,0.0027588471922433315,0.0037144194551632474,112272.84887076302,0.04636329900095542,0.0037144194551632474
0.0027286719351011044,495983.08523317846,0.04366138739751117,0.0027286719351011044,0.0037309381911649524,117122.93603018191,0.04643757281314995,0.0037309381911649524
0.0027290169174995016,508225.82466261456,0.043799707020568374,0.0027290169174995016,0.0037503162845753868,121777.28117581486,0.04640258937933166,0.0037503162845753868
0.0032557038530375403,415094.3798173961,0.04470198763774173,0.0032557038530375403,0.003713630759404386,110436.66170393863,0.04620620324479487,0.003713630759404386
0.003076304437242227,443382.6560081255,0.044250602880031756,0.003076304437242227,0.0037270449180228423,104924.0203657045,0.04605866830426019,0.0037270449180228423
0.00312470053184298,426950.1008108158,0.04429896242252671,0.00312470053184298,0.003690822481134191,115196.08807662106,0.046328602651358276,0.003690822481134191
0.0033768015696971428,426279.43808270444,0.04506923933282937,0.0033768015696971428,0.003729233903337135,110057.93286560186,0.04623756845859998,0.003729233903337135
0.0028553166343729093,518044.98084870895,0.04440814946400057,0.0028553166343729093,0.0036708511810023504,108437.79179030923,0.04613572506491473,0.0036708511810023504
0.002895705661238494,427059.4955528939,0.04343227488864766,0.002895705661238494,0.003667684864224421,108358.96484871031,0.04609938577224691,0.003667684864224421
0.003009060400049433,431767.93645560386,0.043749981808780446,0.003009060400049433,0.003681561395504399,110342.47455006177,0.04606314383043907,0.003681561395504399
0.002662185949531596,462412.27298094495,0.04271752269256233,0.002662185949531596,0.003659401177533883,104487.46977104591,0.046112185859924486,0.003659401177533883
0.0029030003847720304,555199.9288030945,0.045071277767419815,0.0029030003847720304,0.003693611830173435,108543.2992040581,0.04590467317396882,0.003693611830173435
0.0027982710058441257,441456.1676165892,0.04294506165355739,0.0027982710058441257,0.0036784105609243035,95373.34989305577,0.04603719606768503,0.0036784105609243035
0.002670355618350429,502375.2050929306,0.04325819506060959,0.002670355618350429,0.003601383368415671,107481.07394115861,0.04542513742956812,0.003601383368415671
0.0029157318871025698,408920.203161183,0.0430873628742624,0.0029157318871025698,0.00363444863596889,107648.17651367589,0.04565861928254695,0.00363444863596889
0.003730118071826378,400454.9160300529,0.045779663589921325,0.003730118071826378,0.003633356613757434,105453.25591549194,0.045476596054674384,0.003633356613757434
0.002620338327435795,465074.84140679386,0.04250234966673473,0.002620338327435795,0.003613706266813869,98420.21561830994,0.04546592014298994,0.003613706266813869
0.0026108120166982458,475852.5465871981,0.04258227724545073,0.0026108120166982458,0.003588212208887949,99486.34547561228,0.04547500487023507,0.003588212208887949
0.0029117453112589694,528912.8554430669,0.04472035722862376,0.0029117453112589694,0.00363398518357514,108434.38334469838,0.045305478605341426,0.00363398518357514
0.002624642917665072,476265.42756501754,0.042583562765676194,0.002624642917665072,0.0036206687205968817,100705.54693994808,0.04560777428694543,0.0036206687205968817
0.0027044460806755883,431185.11929351505,0.04225374138591313,0.0027044460806755883,0.0035898520864978928,112434.910907146,0.04516664684343451,0.0035898520864978928
0.0027936789896431387,402686.0654283278,0.04239427770423417,0.0027936789896431387,0.003589188278257784,105365.21692952293,0.045697712291010543,0.003589188278257784
0.0027202147146742238,425891.53531019756,0.04221593105409405,0.0027202147146742238,0.003618321228572728,101782.39144955693,0.04540414812216556,0.003618321228572728
0.002597830684781812,435792.7468373516,0.041851586265729206,0.002597830684781812,0.0036018204305632235,102748.0774364722,0.04552908120574102,0.0036018204305632235
0.002806084333125981,413971.7120257085,0.04239317560845082,0.002806084333125981,0.003580538396680991,102023.8338838879,0.045405514731110555,0.003580538396680991
0.002935708369045417,383396.7958590819,0.042683164745864303,0.002935708369045417,0.0035877335059035158,100964.33604919867,0.04532200416928833,0.0035877335059035158
0.0035303904545853043,363957.2608079816,0.04465950206659808,0.0035303904545853043,0.003609473253999158,108541.40745991653,0.04543101088903919,0.003609473253999158
0.0026159206817922467,429880.2159612675,0.04177618539421865,0.0026159206817922467,0.003592275444362401,101272.54025209219,0.045010810697385654,0.003592275444362401
0.0026309420654347334,453164.61612301064,0.04213260649011867,0.0026309420654347334,0.0035103618452903933,97143.04624821898,0.04482428718571655,0.0035103618452903933
0.0028191966069216774,403424.1819783579,0.04228115413743671,0.0028191966069216774,0.003571857275912089,97924.67831243495,0.045075111408266214,0.003571857275912089
0.0026461820378622944,429545.7641090922,0.04188323389775682,0.0026461820378622944,0.0034496079173812148,102484.946698069,0.044457083382006074,0.0034496079173812148
0.0032432021522470337,405634.6484835785,0.04356359594529218,0.0032432021522470337,0.003541648845372822,92873.70800976796,0.044835492582914395,0.003541648845372822
0.002657649303223975,462394.7586558125,0.042290219170327235,0.002657649303223975,0.00350234133247198,99131.71908980173,0.045023124518202784,0.00350234133247198
0.004040266696068615,320014.8944268557,0.04679470922392193,0.004040266696068615,0.0034467465337463745,99679.62191115764,0.044177190831818834,0.0034467465337463745
0.002517827705821336,444820.4815832459,0.041498585281395675,0.002517827705821336,0.0035554128960832068,94292.16511516701,0.04490815129481487,0.0035554128960832068
0.0025334367436347623,439560.124345685,0.04137907398514228,0.0025334367436347623,0.0034546299734266885,99354.28185067952,0.0440997659545382,0.0034546299734266885
0.0038130346196934136,588993.7315466852,0.05155640324153522,0.0038130346196934136,0.0034853660249989627,92090.3156480659,0.04458389753848706,0.0034853660249989627
0.0029413879268092684,371082.8256813276,0.04213490005176846,0.0029413879268092684,0.0035258624237764842,96612.78433408753,0.0447046657866606,0.0035258624237764842
0.002500437866287804,466549.1679750952,0.04179520934525103,0.002500437866287804,0.0034720448783686444,97172.80587137416,0.04406112117503921,0.0034720448783686444
0.004091787479338374,325055.71073044883,0.04674426595320796,0.004091787479338374,0.003492397751587703,98376.84700839494,0.044486050608044725,0.003492397751587703
0.002487451491628469,446602.0850073182,0.04124773917074251,0.002487451491628469,0.003450932827128731,95119.2803891443,0.044330094579295994,0.003450932827128731
0.002730148308449379,466753.4008521656,0.042616468476186886,0.002730148308449379,0.003474350274539016,97385.93968285026,0.04435863168895464,0.003474350274539016
0.002608045246359883,393405.08775873465,0.04087982452151799,0.002608045246359883,0.003475255710518167,96993.40502798789,0.04416538530268672,0.003475255710518167
0.0025362349149890906,421174.1365117743,0.04103606920873765,0.0025362349149890906,0.003460890177565887,93668.64232817112,0.04418268160041983,0.003460890177565887
0.002515977209360145,417529.6832316937,0.04085772034555379,0.002515977209360145,0.003414287547768337,97074.44145101907,0.04374833351575696,0.003414287547768337
0.003144402760034888,349179.53115678544,0.042379330216658,0.003144402760034888,0.003459397402430013,94632.60694439839,0.04416299338833758,0.003459397402430013
0.0025382129438590293,405799.6906690692,0.0407550548489141,0.0025382129438590293,0.003458168239298967,88329.05144305388,0.043909785222737835,0.003458168239298967
0.002463681063162956,403809.1578823127,0.04044474388408189,0.002463681063162956,0.003412937387702688,98454.17200871286,0.04361030728180848,0.003412937387702688
0.0031164741825939406,300008.1064044461,0.04225145265607551,0.0031164741825939406,0.0033983423769047274,93370.67780744961,0.04375038541857343,0.0033983423769047274
0.0024533448406578143,411311.46751902363,0.0405440279605365,0.0024533448406578143,0.0033752555539024016,90209.35975801526,0.04351760805851212,0.0033752555539024016
0.0025298984762797557,362107.1591451664,0.04007524465865428,0.0025298984762797557,0.0033978011992065547,95463.54584127518,0.04331727276976586,0.0033978011992065547
0.0026452887807926623,391027.3486020683,0.0407882953929429,0.0026452887807926623,0.003381010307857,89405.92212237148,0.043397156765397696,0.003381010307857
0.002437689425746477,413114.9672596242,0.040480487491234694,0.002437689425746477,0.0034234121039801455,94967.12462071225,0.04358783835878951,0.0034234121039801455
0.0034493567712494348,292766.72727105167,0.04338876936252754,0.0034493567712494348,0.003411741528896927,90543.76153455806,0.043800059905646664,0.003411741528896927
0.002788605923432451,380863.8012195247,0.04111526913867138,0.002788605923432451,0.0033171753106904043,81309.49173436087,0.04303366178964792,0.0033171753106904043
0.002458328609400899,384543.27030967484,0.0399876790914205,0.002458328609400899,0.003395928286996739,84588.95316256264,0.04350749737594357,0.003395928286996739
0.0028514492009664967,324249.1037912652,0.041032181259724174,0.0028514492009664967,0.0033356320447935927,89813.00408141786,0.043083267142537136,0.0033356320447935927
0.00257625051723369,353752.35987287463,0.040052199607143305,0.00257625051723369,0.0033517441214603056,80529.20186673774,0.04321637657665292,0.0033517441214603056
0.002926325426658265,425579.52848800813,0.04321976219958598,0.002926325426658265,0.00339158906731549,87006.29819493738,0.04348019382872834,0.00339158906731549
0.0025316808490303926,394805.94000591617,0.04045788589680549,0.0025316808490303926,0.0033140753035414503,83484.495199212,0.0430008074091537,0.0033140753035414503
0.0029046101112951443,326758.6305650012,0.04083151949366721,0.0029046101112951443,0.0033458403191278154,89594.39599887008,0.043096614861591706,0.0033458403191278154
0.0024144251445898475,382900.7026516754,0.03980637695824746,0.0024144251445898475,0.0033496777747018254,89885.91156749355,0.04309674033516342,0.0033496777747018254
0.0029644146907410705,295586.2380501775,0.04103988180361172,0.0029644146907410705,0.003301519962469105,90929.01002939338,0.04291574126261194,0.003301519962469105
0.002512784280565263,343817.4922067623,0.039532419699843564,0.002512784280565263,0.0033523658916566577,80741.41014486804,0.04278982669326486,0.0033523658916566577
0.0038550818813872516,273318.0938701063,0.044758712817536725,0.0038550818813872516,0.0033278472060156586,90133.55530697436,0.04318103882328999,0.0033278472060156586
0.0024207451376178774,354161.8210214294,0.039306582311297404,0.0024207451376178774,0.0033097355714614965,90221.64293051643,0.04283611728558713,0.0033097355714614965
0.0024674226274013075,335925.99740283325,0.03927442486775984,0.0024674226274013075,0.0032568127051469564,73582.28911468698,0.04235632290072148,0.0032568127051469564
0.0027064944048052525,365560.5137110795,0.040827509569059506,0.0027064944048052525,0.003282575239072575,78466.68273840386,0.042672318064314534,0.003282575239072575
0.002479257926547734,368527.3905675907,0.039775769973155295,0.002479257926547734,0.003261131990830161,84238.05272799195,0.04220833908717568,0.003261131990830161
0.002417490993958372,380278.7317855382,0.03971416602777963,0.002417490993958372,0.0032857494860402047,82275.83882504542,0.042376911810868924,0.0032857494860402047
0.002401881015601356,331142.7168677302,0.03891129356504667,0.002401881015601356,0.0032869720973683248,84519.8213309059,0.04256947239722882,0.0032869720973683248
0.002400579051999836,364242.2416286657,0.039432668376086964,0.002400579051999836,0.0032226133426525093,77291.16575891772,0.042316775606515464,0.0032226133426525093
0.0025762147016565105,372219.61962935945,0.04028441104115826,0.0025762147016565105,0.003262853063936617,81877.10386872053,0.04235874764382432,0.003262853063936617
0.0024276044528636306,325174.581898,0.03893612716162559,0.0024276044528636306,0.0032566414996237736,76321.6173702286,0.04227124892186943,0.0032566414996237736
0.0024791605099759037,348260.5198882452,0.03940099013028758,0.0024791605099759037,0.003221171472027812,79156.90585317728,0.0421707855436718,0.003221171472027812
0.0025636118636143826,322855.97447997745,0.03937250316733181,0.0025636118636143826,0.0032688427910539533,84953.00639791685,0.04236835312182441,0.0032688427910539533
0.002404528110988881,349444.05608783383,0.03897305622254268,0.002404528110988881,0.0032681930531012074,73067.8937107874,0.04214763646447151,0.0032681930531012074
0.002485000396995704,356123.11985363346,0.039505356129738364,0.002485000396995704,0.003256347504871664,78300.14387227659,0.04224902378709393,0.003256347504871664
0.003096839721950859,361694.89504068205,0.04337713705136044,0.003096839721950859,0.0032485564266484675,86241.40115470305,0.0421218271012439,0.0032485564266484675
0.0024452331120904426,284183.0677135203,0.03842144293507727,0.0024452331120904426,0.003260704445619874,72114.79130356148,0.04208148346016799,0.003260704445619874
0.0024820145514636936,336581.4768013529,0.03925225577584588,0.0024820145514636936,0.003216893347694734,71674.38324855117,0.042132382835611444,0.003216893347694734
0.002537401409192693,268845.8591044209,0.0387177133545427,0.002537401409192693,0.0032143577215365997,83779.4270902344,0.04202992503330135,0.0032143577215365997
0.0024148502691399933,310763.0554666047,0.038649456114462105,0.0024148502691399933,0.0032540311834016837,71641.63200889583,0.04207274046028155,0.0032540311834016837
0.002440558921656396,315206.7857838999,0.03861891773372594,0.002440558921656396,0.003224495364376552,80048.60839140948,0.04170427584743663,0.003224495364376552
0.0025061954004173674,290933.9158704399,0.038698973373906445,0.0025061954004173674,0.003216419196286333,71455.16322017656,0.04193492515058625,0.003216419196286333
0.0029216531876216432,349697.19818832853,0.04224146467329252,0.0029216531876216432,0.0032143156500303205,72260.59411876176,0.041830298095878904,0.0032143156500303205
0.0024760295141322336,306214.74015868537,0.0386179432199143,0.0024760295141322336,0.0031793093537844236,71984.28400603058,0.041634372593585406,0.0031793093537844236
0.0028228576198257136,268093.27634437487,0.03951431213334055,0.0028228576198257136,0.003239302766150626,75102.11378325956,0.04182469234442122,0.003239302766150626
0.0024861748777514343,271965.878168616,0.038453796122333794,0.0024861748777514343,0.003194583684628848,77004.05410802984,0.041685065905467125,0.003194583684628848
0.0030993337553953475,363426.8079110325,0.04379632670690518,0.0030993337553953475,0.003242874520239129,76261.02681393806,0.04213546535966275,0.003242874520239129
0.003220043463245182,262902.4987400924,0.04086084804027387,0.003220043463245182,0.003196427280732239,82900.73673031497,0.041687682088948026,0.003196427280732239
0.002406581905486044,292910.7128771036,0.03829154043947116,0.002406581905486044,0.0032232586004200168,75006.80016870543,0.041853621609888765,0.0032232586004200168
0.0024660613115803144,278180.565880275,0.03830617994512662,0.0024660613115803144,0.003210447294538703,69326.31780305764,0.04138114145373083,0.003210447294538703
0.002411230871831943,293029.4274393214,0.0382395142523369,0.002411230871831943,0.0031667394512536074,67835.47745227664,0.04142946547510996,0.0031667394512536074
0.0024148536163686525,305947.79103881534,0.03846430627278762,0.0024148536163686525,0.003195331786371106,71422.26707498137,0.04156451280014927,0.003195331786371106
0.0023861553653668943,326015.4761860158,0.03879512149361101,0.0023861553653668943,0.0031441394030446842,71140.42399301344,0.041192687730756614,0.0031441394030446842
0.0024368396319338296,283474.5243731206,0.03821326574624175,0.0024368396319338296,0.003181967193640561,74326.72786030792,0.04144734475238976,0.003181967193640561
0.002537715524241402,305046.0607572499,0.039070170999753594,0.002537715524241402,0.003180251824334303,71286.77680399339,0.04124880077427961,0.003180251824334303
0.002441884915224544,290901.2046150736,0.03841250692263688,0.002441884915224544,0.00320313094417245,70131.69968387144,0.041381756780464525,0.00320313094417245
0.0033266878096700303,251721.60591095273,0.04111324626915526,0.0033266878096700303,0.0031876901593607425,64991.38468341507,0.04148645396968345,0.0031876901593607425
0.003032445577941466,242825.76758915363,0.03979362499448332,0.003032445577941466,0.0031952201216263842,73845.20949978911,0.04136690777920762,0.0031952201216263842
0.002394137478728622,284039.92369895405,0.03810135894777751,0.002394137478728622,0.0031940725331522104,65627.0720075436,0.041409302626198616,0.0031940725331522104
0.0025910129908951795,249224.8409157177,0.03848872119837468,0.0025910129908951795,0.003136159071375293,67956.75012054283,0.04108472064301896,0.003136159071375293
0.0029421775362057853,235787.18573307755,0.03963564465394114,0.0029421775362057853,0.0031737165940441954,68308.15114673688,0.0411996744588777,0.0031737165940441954
0.00254742583458192,288798.23923613294,0.03899378528689394,0.00254742583458192,0.0031334218472199287,66106.11383713238,0.041193291989286764,0.0031334218472199287
0.002466155033982774,266014.26841531886,0.038116251478100764,0.002466155033982774,0.0031645119408487145,69787.51024547803,0.04129436987790382,0.0031645119408487145
0.002393487285324695,322775.27289528423,0.038990032923693706,0.002393487285324695,0.003190362787327357,62693.91795369167,0.041479963497995265,0.003190362787327357
0.00245149246426207,310580.9587374395,0.039031250420773385,0.00245149246426207,0.0031653833343083145,65381.82397738771,0.041138018939019624,0.0031653833343083145
0.002449025245530918,280742.19274879684,0.038431875481463894,0.002449025245530918,0.003193278777639661,63850.70607298822,0.041381861069017,0.003193278777639661
0.002406040443992703,268132.69732310984,0.037971195681850506,0.002406040443992703,0.0031834556388360886,66680.71197852548,0.0412701261408443,0.0031834556388360886
0.0024305417566643198,266295.0495668921,0.038106341541993737,0.0024305417566643198,0.0031813881531283375,67987.96169009687,0.04113887009444327,0.0031813881531283375
0.002409960538619152,266131.1316535119,0.037951659153003504,0.002409960538619152,0.0031780525807073978,67422.30978492781,0.041180728209908236,0.0031780525807073978
0.002731880597253837,238219.17629846252,0.0387594421753789,0.002731880597253837,0.003189623679234575,66167.83197057166,0.04134527724226462,0.003189623679234575
0.002630302350562398,282195.2043428327,0.038678657964314564,0.002630302350562398,0.0031222396875725286,58277.892368439934,0.041046043302955845,0.0031222396875725286
0.002408257668312307,318691.3618544022,0.03904554421211233,0.002408257668312307,0.003132856000362613,60963.651646618586,0.041036105467592864,0.003132856000362613
0.0024186369229919546,255642.26026334858,0.037856706962136936,0.0024186369229919546,0.0031442868693854565,64890.63094855833,0.040957218800493744,0.0031442868693854565
0.00253837703874722,279623.13444330194,0.038935656889830486,0.00253837703874722,0.0031683476183209146,65771.73163172952,0.04106250582669073,0.0031683476183209146
0.0033436771712754623,195041.61281313756,0.04142795208066997,0.0033436771712754623,0.003137926176066559,62371.77298559168,0.04101653500248179,0.003137926176066559
0.0034723862392440586,238223.59199153786,0.04150770287407507,0.0034723862392440586,0.003172958716290112,65979.31433705236,0.041235008115008576,0.003172958716290112
0.002403927218897434,277115.7370165079,0.03812787135933886,0.002403927218897434,0.00316636740177169,60962.36031082362,0.04104344431884466,0.00316636740177169
0.002464507420611854,238833.51705970385,0.03788528702046612,0.002464507420611854,0.0030910334887772925,65906.62109235181,0.04068348723739244,0.0030910334887772925
0.003216296249982154,230216.7372623859,0.04059440779066322,0.003216296249982154,0.003164207750732687,63366.059094203505,0.04134750136194327,0.003164207750732687
0.002404960314973746,304378.1791848664,0.038842194999503615,0.002404960314973746,0.003146647295561735,63474.06128599014,0.04126812691281046,0.003146647295561735
0.0026335839302011645,274153.9932025872,0.038725498067860555,0.0026335839302011645,0.0031430950319552057,62458.546357452025,0.04087922805885986,0.0031430950319552057
0.0038220820473599255,204682.09768038458,0.04321600150058765,0.0038220820473599255,0.0031184494376468364,62168.55720753652,0.0408968874852844,0.0031184494376468364
0.0024806583198801716,260814.64855141216,0.03814912439868002,0.0024806583198801716,0.0031427641800999702,61295.14101660083,0.040621493442382424,0.0031427641800999702
0.0038035920300142894,202325.25251369664,0.04305049290161322,0.0038035920300142894,0.003148970507619745,65574.90207015723,0.04106643463372871,0.003148970507619745
0.0027616558720975526,230357.30519987806,0.038761095023981416,0.0027616558720975526,0.003168444636390905,64075.59496175673,0.04129955151005287,0.003168444636390905
0.002419164989807523,241890.7756580315,0.037733663648071854,0.002419164989807523,0.0031423171037877557,57150.907279433544,0.04095501031998704,0.0031423171037877557
0.0026396751671218044,251123.70839351238,0.0384002425292931,0.0026396751671218044,0.0031937942799783684,64019.83316930619,0.041223549133796035,0.0031937942799783684
0.002567965599551502,248550.5059531939,0.03837527906393061,0.002567965599551502,0.0031392879832312817,60745.74994162391,0.0408289846222744,0.0031392879832312817
0.0024771511942000674,251082.8090470569,0.038098417370036095,0.0024771511942000674,0.003157982116988926,65582.19087150531,0.04088297913646736,0.003157982116988926
0.0024439445097405132,248134.22746767857,0.037971939264547706,0.0024439445097405132,0.003149866349153373,61767.96135177602,0.04083100816355338,0.003149866349153373
0.00250319587896661,224284.98694708795,0.037840156935819304,0.00250319587896661,0.003144754725129109,62688.16984720676,0.04092662984478868,0.003144754725129109
0.002550882958152359,206884.7612556231,0.0379626305017731,0.002550882958152359,0.003098186605775859,58966.60324580934,0.040487288927568366,0.003098186605775859
0.0029398871903851776,199415.0897337281,0.03941106906916836,0.0029398871903851776,0.0031389526925448582,55382.383924621565,0.0409824116878834,0.0031389526925448582
0.002725370721614892,213045.45207743126,0.03833900443693199,0.002725370721614892,0.0031328875182051637,61392.44733671308,0.04083302288589763,0.0031328875182051637
0.0024600727160894635,228548.6485705234,0.03770399385012022,0.0024600727160894635,0.003179186404033266,66606.17700366201,0.040986857953013024,0.003179186404033266
0.002666081636129777,261574.6289675873,0.039505983380102874,0.002666081636129777,0.0031467168861084934,57223.431088768804,0.04090822949864585,0.0031467168861084934
0.0024877407560401623,252679.29608622636,0.038370776294481636,0.0024877407560401623,0.003154427226054366,65205.14828541526,0.04115985697443649,0.003154427226054366
0.0034483280908869634,289589.67835137394,0.04498329640615104,0.0034483280908869634,0.0030912181054923685,59968.71403780449,0.04045228482161894,0.0030912181054923685
0.00309451875544273,211744.7269631943,0.03986659959548771,0.00309451875544273,0.003150933624024508,55010.482663384624,0.04086152901868099,0.003150933624024508
0.0024017609199416816,261769.11877207237,0.03805520005597927,0.0024017609199416816,0.0031468941074224896,59310.80887734959,0.041060088614429606,0.0031468941074224896
0.0027050825140190007,275937.7376576792,0.04018832934965001,0.0027050825140190007,0.0031347966799928494,58491.77344168404,0.041080593620390245,0.0031347966799928494
0.002568075364215834,279675.80586121813,0.039415194883499996,0.002568075364215834,0.003104669807348606,63829.85720768366,0.04057410400296222,0.003104669807348606
0.0024093057911861505,247931.72433290386,0.03798158577468136,0.0024093057911861505,0.0031131575392051177,66059.7085765106,0.04049835183388048,0.0031131575392051177
0.0024255454853767218,236923.50088818237,0.03777596708571557,0.0024255454853767218,0.0031536877824799112,61526.765772295825,0.04105525013182706,0.0031536877824799112
0.002887975735737398,267806.86721560033,0.04106381233080779,0.002887975735737398,0.003061774282528286,58941.026835815945,0.04022207174937598,0.003061774282528286
0.003110657985515819,198134.08769728406,0.039978619148530584,0.003110657985515819,0.0031521349371603237,59886.298181569895,0.041178836762764175,0.0031521349371603237
0.003308779509313921,193632.0701616495,0.04087969225527036,0.003308779509313921,0.0031032914032007573,56724.85110367792,0.0406236469479404,0.0031032914032007573
0.0032913478847482417,178086.80471979274,0.04113821298031524,0.0032913478847482417,0.00310208258565067,63692.93605906175,0.04068668725588606,0.00310208258565067
0.0024467203650844864,226157.78473315854,0.037703843141841414,0.0024467203650844864,0.0030904473967877616,54819.942524276026,0.04049373313949037,0.0030904473967877616
0.002703052922382508,289147.76448731375,0.04064547923384326,0.002703052922382508,0.003107503150612766,62708.139316069726,0.04053596804663343,0.003107503150612766
0.0024355273315738333,252365.86185508198,0.03799984515598505,0.0024355273315738333,0.003146848430895235,61030.67469026463,0.040617367433784385,0.003146848430895235
0.0029274039247100896,215391.1417110934,0.0388899982934541,0.0029274039247100896,0.0030683323337696005,58576.88928769503,0.040509651220759404,0.0030683323337696005
0.002432993829877365,224442.45375098803,0.03758039251707568,0.002432993829877365,0.0031804848982082876,58917.63837435567,0.041163638420109366,0.0031804848982082876
0.0024201908923390477,244661.83754632025,0.0379261124399629,0.0024201908923390477,0.0031367635579032925,56028.363981178794,0.04087334616805651,0.0031367635579032925
0.0026156277497216027,209214.52386051594,0.03806520297680751,0.0026156277497216027,0.003119427526758272,58905.005278646975,0.040647246276336285,0.003119427526758272
0.002635215786009068,227423.56575472993,0.038915635667519995,0.002635215786009068,0.0031120067944870582,56254.4647068599,0.04069431027063745,0.0031120067944870582
0.002562210708395532,226491.83995607583,0.0381170007040595,0.002562210708395532,0.0031437725288753315,56341.05876622724,0.04055271739129386,0.0031437725288753315
0.002519770105839661,246040.11895736845,0.03858394902383927,0.002519770105839661,0.0030926096145919104,57782.62313001756,0.04041454638195426,0.0030926096145919104
0.0025412551874276434,226688.96701321742,0.03807740455659309,0.0025412551874276434,0.0030899910209529176,56247.17809049192,0.040419843903323316,0.0030899910209529176
0.0025243467563707935,224600.05003598658,0.03800226932409966,0.0025243467563707935,0.0031017897275231947,58494.99750016754,0.04042094433215249,0.0031017897275231947
0.0026342246663009767,200927.44015238545,0.03796275911649855,0.0026342246663009767,0.0031574730529130303,53524.14210555557,0.04096447615539219,0.0031574730529130303
0.002521045125633626,230814.21255417625,0.03783643832153613,0.002521045125633626,0.0031328159988834804,57399.15142946348,0.0408414550971277,0.0031328159988834804
0.0024910899971860765,204502.86948655383,0.0376584532827434,0.0024910899971860765,0.003085595262577024,57460.32634721576,0.04044482632453543,0.003085595262577024
0.002400460318745215,259415.03187916067,0.038269764457893846,0.002400460318745215,0.003111443215985041,57269.979527870855,0.04050404282264251,0.003111443215985041
0.0024440076437290056,274935.85324557463,0.03882462428052827,0.0024440076437290056,0.0030555818555362746,62892.5437087722,0.04016511750085004,0.0030555818555362746
0.002416151235719202,234632.10381785478,0.03793735842746083,0.002416151235719202,0.0030888047706016694,60703.71071351333,0.04040687717007952,0.0030888047706016694
0.002862079608447776,203312.23803922447,0.038722526392724256,0.002862079608447776,0.003165678371353779,55151.086664097595,0.040666436961510906,0.003165678371353779
0.0024294279086966033,228846.12332221304,0.03769724318149066,0.0024294279086966033,0.00305083492248115,64678.70207856319,0.040274268306920984,0.00305083492248115
0.002425363162845963,212252.5923254183,0.03750128439157316,0.002425363162845963,0.003129502419965695,56335.91100163593,0.04092198586031693,0.003129502419965695
0.0024223602399930802,209559.2227500689,0.03738602936857998,0.0024223602399930802,0.0031072820166808115,56611.34827075603,0.04067537558905651,0.0031072820166808115
0.0025164809603576022,243331.66628703504,0.03864175671398049,0.0025164809603576022,0.003117627966050323,60890.03854276754,0.040599145548231214,0.003117627966050323
0.0024257282827897827,245279.97829165318,0.03793108286243854,0.0024257282827897827,0.0031641597073589793,55400.034920073536,0.04094423728158646,0.0031641597073589793
0.002581514346662282,200438.3235701004,0.03795545319519421,0.002581514346662282,0.0030778972961789624,66416.27407668029,0.040330375978822025,0.0030778972961789624
0.0028075039833968525,219054.42296955374,0.038622242389339034,0.0028075039833968525,0.0030995726609735685,58179.970936480284,0.04054853583221616,0.0030995726609735685
0.002450375879957977,212800.72100157785,0.03765873149922579,0.002450375879957977,0.003091478355094806,62147.08210758504,0.040476957423180825,0.003091478355094806
0.0025794619330122034,231722.89038252123,0.03881610089009351,0.0025794619330122034,0.003076576826486128,60637.5627581636,0.04050717992425215,0.003076576826486128
0.00244434159664013,233896.88087357624,0.03787805353946025,0.00244434159664013,0.0031082175606719784,52276.31012573182,0.0404917335845393,0.0031082175606719784
0.0024377566319659797,230239.58751414082,0.0378473752943596,0.0024377566319659797,0.003110128902234098,53234.73364562507,0.04055299953847764,0.003110128902234098
0.0024241734120884154,227262.02166098414,0.03773846864552781,0.0024241734120884154,0.0031290458666020735,61805.00738898441,0.04064620193632352,0.0031290458666020735
0.002455798157555337,212045.69660043245,0.03771799002395998,0.002455798157555337,0.00306284131337382,58663.7021496202,0.04038386446821708,0.00306284131337382
0.002483518024224161,240028.43682272127,0.0378895823170643,0.002483518024224161,0.0030742593762218655,58641.0266238602,0.040354949299342,0.0030742593762218655
0.0029060419805642993,203722.56168637416,0.03890029366801281,0.0029060419805642993,0.0030803998246597135,54357.153001940635,0.04036123098642088,0.0030803998246597135
0.002834523032133532,250619.8618309852,0.040691078889487996,0.002834523032133532,0.0030458507129772754,55767.300965929055,0.04014275346540553,0.0030458507129772754
0.002437604897849188,221507.23777687905,0.03763071233683293,0.002437604897849188,0.003089153557023326,56799.101344096554,0.040256129222453675,0.003089153557023326
0.0024790434157568038,207337.22730338218,0.03761548003052721,0.0024790434157568038,0.003136390681890942,55362.052466811976,0.04086894762011747,0.003136390681890942
0.002423422461799761,248837.66409898511,0.03818166167429178,0.002423422461799761,0.0030572881435909855,53329.5180576142,0.040148143649210884,0.0030572881435909855
0.0033708552041524413,170436.7121652282,0.04080838839163874,0.0033708552041524413,0.003100354544019705,58421.90960761114,0.04043818536325624,0.003100354544019705
0.002784170270298082,282035.3119314213,0.04119522888028976,0.002784170270298082,0.0030925885125254716,50840.388717159745,0.04033805250816137,0.0030925885125254716
0.002725703890739691,210189.5068947065,0.03923464319345975,0.002725703890739691,0.0030590674405084574,56781.86554389769,0.04051298791218669,0.0030590674405084574
0.002421022710934429,231479.6343747885,0.037731911950182204,0.002421022710934429,0.0030992094721474807,59844.23601432155,0.04022610090629903,0.0030992094721474807
0.0029652977943199106,197210.8455517835,0.0389423731087458,0.0029652977943199106,0.003088535052145226,58705.721736770145,0.04047162964141375,0.003088535052145226
0.002522220007503534,268029.18079557514,0.03935342709911932,0.002522220007503534,0.0031036515475490094,57568.85385096505,0.04024775917835131,0.0031036515475490094
0.002437842590273312,219019.03121698965,0.03776771656357416,0.002437842590273312,0.0031143130703486163,53836.39000934986,0.040527286991688435,0.0031143130703486163
0.002642342262892145,204681.95840907333,0.03793109400142537,0.002642342262892145,0.0030295963146338653,58092.016056887674,0.04028805854465544,0.0030295963146338653
0.002419737458118413,241370.647616698,0.038000584460131014,0.002419737458118413,0.0030559936552531177,53337.958888619185,0.04005780079633514,0.0030559936552531177
0.0024825013842027966,227234.87329924933,0.03778916534663427,0.0024825013842027966,0.00308525158484876,53476.942822069475,0.040198705980825346,0.00308525158484876
0.0024595953072282938,234341.25092625382,0.0379103865142506,0.0024595953072282938,0.0030662075110382773,59969.27000576512,0.04044327586184535,0.0030662075110382773
0.0025160039641368803,232040.27673498474,0.03792173972371781,0.0025160039641368803,0.0030960366154345036,56215.54748001189,0.04048990520109832,0.0030960366154345036
0.0025272787534770104,198393.85478342642,0.037654487250169906,0.0025272787534770104,0.003086042694864414,58622.36341771914,0.04042888698875278,0.003086042694864414
0.002583509331827264,215417.3956430265,0.038563344369430354,0.002583509331827264,0.0031065979162040224,56171.25920868972,0.040580694090439906,0.0031065979162040224
0.0026612741282523267,201156.53971243376,0.03798690519415506,0.0026612741282523267,0.0031180019154939146,56354.5786588752,0.0406227851412795,0.0031180019154939146
0.003283039475376211,184110.1626565763,0.04054693826059304,0.003283039475376211,0.003129330336097168,58776.506593702215,0.04050177004710975,0.003129330336097168
0.003164367729539771,206088.1685537206,0.039991540299488766,0.003164367729539771,0.003094976525034323,55169.32487654172,0.04014874669403636,0.003094976525034323
0.002932863171664205,179042.6265052569,0.038990544911363334,0.002932863171664205,0.003056490251449922,60321.965418799075,0.04036047139718416,0.003056490251449922
0.002509790394307658,206984.13454762072,0.037610204244899276,0.002509790394307658,0.0030460275082711446,53650.76882650172,0.040285003657834,0.0030460275082711446
0.0024442821787209203,212148.5996342272,0.037687472482719045,0.0024442821787209203,0.003071730705252171,51206.57197564687,0.040256849933989224,0.003071730705252171
0.002509478555697173,203671.68928286107,0.037582865482804796,0.002509478555697173,0.0030857426292031486,58713.06206856435,0.04033184403292267,0.0030857426292031486
0.002574251690363087,190590.6817929485,0.03774795072651146,0.002574251690363087,0.0030703362913364744,48584.20142969481,0.04032641603634411,0.0030703362913364744
0.002679966800468098,163907.46979069474,0.0382403794417877,0.002679966800468098,0.0030848617101194853,54567.25785339323,0.04021754546097812,0.0030848617101194853
0.0024447739170403173,191052.43336082686,0.037377184644193935,0.0024447739170403173,0.0030506520560946017,53753.671821149226,0.04015194215330712,0.0030506520560946017
0.002509336830992805,232361.13286001375,0.03862956228970301,0.002509336830992805,0.003133164922091611,53660.713203065345,0.04080530621906174,0.003133164922091611
0.0026505432658745806,229455.86902988548,0.03792267296426367,0.0026505432658745806,0.0030535310737449034,54498.59960239559,0.039996568896600714,0.0030535310737449034
0.002432502826933961,227047.12603767318,0.03792792462771482,0.002432502826933961,0.0030966076781631644,59731.00178812832,0.040454051773985374,0.0030966076781631644
0.0025295341193749764,196267.72793609317,0.03758827471497035,0.0025295341193749764,0.003073915283179035,51703.533686312636,0.04036974609172225,0.003073915283179035
0.0024870521259853745,188654.45497478824,0.037377306730440346,0.0024870521259853745,0.0030955575407530154,57586.106682298814,0.0403594468072785,0.0030955575407530154
0.00286022725164669,203951.70627322057,0.03859492907724758,0.00286022725164669,0.0030911168200025044,56633.79868414173,0.040301806803869064,0.0030911168200025044
0.0024015230753708003,233404.9879560565,0.03784215572004271,0.0024015230753708003,0.0031039507198771456,57958.37967713757,0.0405634266632172,0.0031039507198771456
0.002759852335963509,206046.30826485512,0.038275313333119496,0.002759852335963509,0.003054106999122593,59786.67487127933,0.040104717157166445,0.003054106999122593
0.002527322744637138,201949.49691628938,0.03759621216519044,0.002527322744637138,0.0030682620967293467,52659.97851976143,0.040341403533049276,0.0030682620967293467
0.002508771638063216,223696.49003918335,0.03776563338861607,0.002508771638063216,0.003103764287927259,57940.34386118048,0.04041233787404132,0.003103764287927259
0.002699415561383461,209488.524206407,0.039302915556005916,0.002699415561383461,0.003056778723968137,57300.10286760606,0.04004138686581154,0.003056778723968137
0.002977592303500612,168479.81955930503,0.03929908581004284,0.002977592303500612,0.00304261122253213,53222.21851722027,0.04032728550500514,0.00304261122253213
0.0024836695070682775,234315.45164542622,0.03848256897365693,0.0024836695070682775,0.0030874364130410374,55116.25118699628,0.04021845225693048,0.0030874364130410374
0.003035557636124368,191734.78232903057,0.03929088268392157,0.003035557636124368,0.003076253882920075,55430.11287620903,0.040435755093881975,0.003076253882920075
0.0026553977963210333,198524.06304516178,0.037897997895384776,0.0026553977963210333,0.003120376774478416,57086.11743500429,0.04042918773400301,0.003120376774478416
0.00255904271553206,195398.17119813673,0.03760777642526249,0.00255904271553206,0.00304608804827602,59712.22070026899,0.04001469993733821,0.00304608804827602
0.0024682032359339815,227856.0672355123,0.037730304542744515,0.0024682032359339815,0.003048338782772935,49368.630006993626,0.04035473189840834,0.003048338782772935
0.0024456790311833715,202335.06264677143,0.03727637839936974,0.0024456790311833715,0.0031344950879633785,54127.56970628587,0.04058665376013665,0.0031344950879633785
0.0024720610483632524,229226.3061649587,0.03782258061046648,0.0024720610483632524,0.0030667080156822238,55422.68558740942,0.040008828619468605,0.0030667080156822238
0.0024113134656212117,220697.5023835437,0.037750382787815416,0.0024113134656212117,0.0031005844440926853,57148.09970568859,0.04038525535908581,0.0031005844440926853
0.002680951757079894,197832.41065329371,0.0378949583904578,0.002680951757079894,0.0030401349290363642,51789.170114539265,0.0401015788633856,0.0030401349290363642
0.0026035595288739937,196359.03653686825,0.03775521522701377,0.0026035595288739937,0.0030991275157609146,56673.586391204415,0.040401057918182624,0.0030991275157609146
0.002426075338764061,226191.12687237427,0.0378687216872626,0.002426075338764061,0.003028917106720499,50944.512130181036,0.03979560639268777,0.003028917106720499
0.0028818738277964664,205646.35876404413,0.03862561274430539,0.0028818738277964664,0.003063661259336224,52281.90742869635,0.04017559361227612,0.003063661259336224
0.0025032855441222096,194745.2234551836,0.037464033849168535,0.0025032855441222096,0.0030421707472684184,56813.61583733972,0.040035065995647726,0.0030421707472684184
0.0025011479766984092,218835.8032372352,0.03833455946480874,0.0025011479766984092,0.003053322595008759,53134.72904070114,0.04002501297873287,0.003053322595008759
0.002490791404564487,197097.38305852909,0.037460525363388626,0.002490791404564487,0.003034660358254025,55214.06521070774,0.03977335939360993,0.003034660358254025
0.0024778179911951912,206281.06523857496,0.03747001282944538,0.0024778179911951912,0.0030276842399855615,50679.55044616352,0.03988279312794232,0.0030276842399855615
0.0024143985454177504,205289.7405805682,0.03736598870836862,0.0024143985454177504,0.0030835922579885437,56181.560138133595,0.040281958887828255,0.0030835922579885437
0.0024682299123320837,217950.08063809233,0.038041281191134216,0.0024682299123320837,0.0030796098379937994,51808.640446412835,0.040198516958068684,0.0030796098379937994
0.0024322649708368106,225454.172400975,0.037616015587112694,0.0024322649708368106,0.0030424071911916224,57842.21430376086,0.039758559533689,0.0030424071911916224
0.0030053573992509064,176519.70276362353,0.039071892895320856,0.0030053573992509064,0.003062591908687527,54884.07143263885,0.040080309863614834,0.003062591908687527
0.002424100326318847,199822.39819301944,0.037202330509034716,0.002424100326318847,0.003099289938320048,54002.064632566115,0.040462587365447,0.003099289938320048
0.002550219194871364,250699.13793688483,0.03919891256949689,0.002550219194871364,0.0030450734835464548,51847.2946812539,0.03984398894399577,0.0030450734835464548
0.002423809772117598,224655.05122375488,0.037926062572710584,0.002423809772117598,0.0030355720667739135,54400.46249120184,0.040073223850536646,0.0030355720667739135
0.0024567813990582334,200714.4807497912,0.03733818517020433,0.0024567813990582334,0.0030718922892294695,51778.404493973874,0.040199819447191774,0.0030718922892294695
0.002456032926917519,191584.91231691718,0.037315063178539276,0.002456032926917519,0.0030413399307577,51066.04959409236,0.039929718397757406,0.0030413399307577
0.002739818842786521,174194.57586492406,0.03828543915164353,0.002739818842786521,0.0030477903975409722,58548.34850261416,0.04016473495679909,0.0030477903975409722
0.002648526798048527,163368.9183626836,0.03783944846674948,0.002648526798048527,0.00305744578461865,54205.692201859936,0.04021496055975627,0.00305744578461865
0.0025551756797819445,185088.3194483011,0.03762823070334916,0.0025551756797819445,0.0030553083266344466,55818.4460582678,0.03998496711324593,0.0030553083266344466
0.0029529073681350392,247216.98731299673,0.041685378861309276,0.0029529073681350392,0.003063677198019151,50655.72164869284,0.04017153044421611,0.003063677198019151
0.002410176717261277,216602.9551012398,0.03768120211834955,0.002410176717261277,0.0030478963702310247,51668.41429388504,0.04012304502556466,0.0030478963702310247
0.002435023827238543,221572.2901573559,0.03757681612773697,0.002435023827238543,0.0030379047706875907,55582.41628978607,0.03991278484894361,0.0030379047706875907
0.002413322443677352,215311.03533535192,0.03770830688795241,0.002413322443677352,0.003034897716462669,55905.402154612275,0.03963438022335579,0.003034897716462669
0.002409537975206086,216144.11568126112,0.03769005621128743,0.002409537975206086,0.003040600205779945,52682.43750669601,0.040128487075668726,0.003040600205779945
0.00256111191604102,185037.57659942325,0.0374006769518451,0.00256111191604102,0.0030214167748153584,55051.00031893766,0.03998666859016065,0.0030214167748153584
0.002637338400403462,169477.58375945894,0.03777085768409295,0.002637338400403462,0.0030535021101878745,53220.072143044024,0.04006365249525605,0.0030535021101878745
0.002480047432207825,248380.42658513135,0.03889461724769951,0.002480047432207825,0.00305677671866375,48427.08123700417,0.04011196165071058,0.00305677671866375
0.0027081356983226124,212899.8673399368,0.03944566823763422,0.0027081356983226124,0.003051636518990788,56578.55413553305,0.03996340831603681,0.003051636518990788
0.002621571378929928,222043.84453099317,0.039193989284852945,0.002621571378929928,0.003040789217402825,53023.50780125837,0.03984894839771722,0.003040789217402825
0.002602602219172191,194893.65927630133,0.03769422458982704,0.002602602219172191,0.0030718053589783964,54307.57362043738,0.04020417551350982,0.0030718053589783964
0.003002580421248285,163067.88530655662,0.0391203547542048,0.003002580421248285,0.003044835574429676,59106.590582672696,0.04008914355464628,0.003044835574429676
0.002457823164041827,213470.10314442852,0.0374885966429616,0.002457823164041827,0.00304274944122636,52807.210553886885,0.039748327386689326,0.00304274944122636
0.002644263664352717,248878.246694206,0.0397740363484562,0.002644263664352717,0.0030826553483349253,56893.56711187077,0.03999750828835379,0.0030826553483349253
0.00243031775283784,217675.1494111165,0.03757430539272799,0.00243031775283784,0.0030716693122282476,53365.125271418314,0.04014586118165907,0.0030716693122282476
0.002412737863562485,207304.5052142757,0.0372934727606797,0.002412737863562485,0.003001901045093177,56033.5078103521,0.03959976261187026,0.003001901045093177
0.002712787915076507,168068.58009821826,0.03807815013102966,0.002712787915076507,0.0030469727978703464,54740.492900988706,0.04002306098632291,0.0030469727978703464
0.0026423577565035904,209993.87821477003,0.03900385249664288,0.0026423577565035904,0.003045593739520999,51805.72755921845,0.04000288413282576,0.003045593739520999
0.002434474240877841,212322.5596827894,0.03736736275034376,0.002434474240877841,0.0030850007797528257,53889.91175981352,0.040194093899168094,0.0030850007797528257
0.003140117620385372,166044.8996517068,0.039707096939039704,0.003140117620385372,0.003004196043472778,55583.29695708615,0.03963926409068261,0.003004196043472778
0.0035979709366686864,170272.8730421916,0.041364398849482585,0.0035979709366686864,0.0030362001306774252,53337.7938861857,0.04002061009571481,0.0030362001306774252
0.0025932731194476975,247143.34104745695,0.03950729929279573,0.0025932731194476975,0.0030206162702728747,54117.01676624747,0.03987698789824953,0.0030206162702728747
0.0025306782837366997,202488.1521397959,0.03796628556481683,0.0025306782837366997,0.00304119900190499,51499.286627028785,0.04005690193253007,0.00304119900190499
0.002475202549248934,191224.8949872385,0.037535953418453144,0.002475202549248934,0.003040497689456515,49138.41282467484,0.03982435328924086,0.003040497689456515
0.0024249745615859434,202682.31899563628,0.03721027408200916,0.0024249745615859434,0.0030469547042498856,55772.69315166844,0.040020150577339195,0.0030469547042498856
0.0030362411853995653,174774.5229709361,0.03884610932062168,0.0030362411853995653,0.003012317003015697,51366.16282038105,0.03974762433064153,0.003012317003015697
0.002409872114842776,228937.93935719103,0.03784119286159478,0.002409872114842776,0.0030417736409025496,52760.41226292759,0.039800497432617654,0.0030417736409025496
0.002425581820788655,236099.44796926668,0.03823608488287076,0.002425581820788655,0.0030219169999524185,52824.70470611434,0.03969014111829944,0.0030219169999524185
0.002434810240854426,211202.09005246303,0.03740928052823142,0.002434810240854426,0.00307596581427677,52877.05092236323,0.04020377947580357,0.00307596581427677
0.002533492812020059,181372.09916698342,0.037742664834650434,0.002533492812020059,0.003068030814048543,54468.479389775006,0.03992936941459814,0.003068030814048543
0.002495742693432782,184911.58480766977,0.037124546816443456,0.002495742693432782,0.0030126625102324606,52992.51129588088,0.039990906743112516,0.0030126625102324606
0.0024329977326722134,197300.06906135482,0.03715507472210591,0.0024329977326722134,0.0030265932438255953,49602.18394182559,0.039943858016041535,0.0030265932438255953
0.0026454319301439395,184973.83651215959,0.03769991296057654,0.0026454319301439395,0.003059786979876913,51068.14823956773,0.03995859329121337,0.003059786979876913
0.0025163141567960826,180692.67693676334,0.03722840503300771,0.0025163141567960826,0.0030695500479462003,51409.535950078876,0.040049130968158334,0.0030695500479462003
0.0032976183021385776,161436.92251209222,0.04029302896544485,0.0032976183021385776,0.003057774533657137,54702.49523268282,0.039835998867758314,0.003057774533657137
0.00250218746870166,187406.60932793948,0.03722041908024561,0.00250218746870166,0.003022261573583146,53571.307424097264,0.039722446747676235,0.003022261573583146
0.002566176404401955,175194.23840090306,0.037335383051102705,0.002566176404401955,0.0030404763826997624,52342.04829388998,0.040092386099785424,0.0030404763826997624
0.0030010862870713567,197412.75780343538,0.03881845095812684,0.0030010862870713567,0.0030490984987023156,48229.96524376676,0.03998027231174272,0.0030490984987023156
0.00278257013824169,178306.99826110236,0.038121726031940764,0.00278257013824169,0.0030658581960678133,51087.74324613262,0.04018259262426302,0.0030658581960678133
0.0025736499706854915,191460.2910893884,0.0373744099668347,0.0025736499706854915,0.003018920562125809,54024.638940366145,0.039612367610225414,0.003018920562125809
0.0026640474385959973,218998.71866569898,0.039260084418082,0.0026640474385959973,0.003018125633528545,50200.05345446676,0.039709576668391026,0.003018125633528545
0.0025313143009817836,182665.6216037108,0.03727804854659751,0.0025313143009817836,0.003043099932462619,56534.39601630583,0.039880495287450565,0.003043099932462619
0.0026456364891537937,269781.2699170254,0.040404639879960826,0.0026456364891537937,0.0030140682858675796,46775.55268287258,0.03969254144440497,0.0030140682858675796
0.002444901480569993,190399.22924808465,0.03706796253376668,0.002444901480569993,0.0030542322413930284,54903.2812230255,0.04011482060057391,0.0030542322413930284
0.0024230306746788545,231466.46441922328,0.037928544279962485,0.0024230306746788545,0.0030680933726938754,51028.50288096792,0.04032058985654267,0.0030680933726938754
0.002937033855457707,191864.68673698502,0.038495738538775116,0.002937033855457707,0.003028470345274107,56006.3368551577,0.039876846282405724,0.003028470345274107
0.0025124608926327513,192694.15472797357,0.037291915478682755,0.0025124608926327513,0.00304959587132753,53652.678177805996,0.04014002288830199,0.00304959587132753
0.002592254794285734,203175.88431851225,0.0385359242410943,0.002592254794285734,0.0030223218135876336,53450.65393210811,0.03987739787594118,0.0030223218135876336
0.0024881140780773493,207683.90587374242,0.037996141922355876,0.0024881140780773493,0.0030324578620943656,52522.84148973123,0.039959841361342764,0.0030324578620943656
0.002436243214340198,203545.61817410914,0.03735538667971545,0.002436243214340198,0.003025322751114189,54950.74693906727,0.03966879271092192,0.003025322751114189
0.0025326572404713323,218705.30276753643,0.03854278412343252,0.0025326572404713323,0.003025909087802242,54409.95917254953,0.039897227660800304,0.003025909087802242
0.0024141393887745864,213957.3408171399,0.03768621576894628,0.0024141393887745864,0.003029291652983786,48751.44164153594,0.03986128163389388,0.003029291652983786
0.0024910200995826486,183629.7978727133,0.03722420674149353,0.0024910200995826486,0.003037709157282112,52322.88223157954,0.03977008879035946,0.003037709157282112
0.0028754940099719136,184990.55334619957,0.03839584631790029,0.0028754940099719136,0.0030174362803532836,51733.69592435399,0.03972219409155833,0.0030174362803532836
0.0024164244555637685,207943.15876921098,0.03723819926381111,0.0024164244555637685,0.00299866489417111,53324.06065579984,0.039692660651736926,0.00299866489417111
0.002423969581538793,189388.3181734746,0.03697005710979499,0.002423969581538793,0.002979548502771191,51343.775807068465,0.03954380194896845,0.002979548502771191
0.0023998939754939315,204171.75223420397,0.03735457460331445,0.0023998939754939315,0.0030441733631227093,48630.90235917617,0.03995781216654913,0.0030441733631227093
0.0027833800223462358,204632.57262632163,0.037997974691414596,0.0027833800223462358,0.00301555213146499,50041.058346367485,0.03961929235131692,0.00301555213146499
0.0024160912195866063,198358.68234347354,0.03710237669177575,0.0024160912195866063,0.003032632261912054,52660.646115898395,0.039768298112024335,0.003032632261912054
0.002432681378069343,195817.5889475983,0.03715200176333437,0.002432681378069343,0.002980549839955103,53429.62463900696,0.03952141644856959,0.002980549839955103
0.0024240417636488334,197946.71292658136,0.03740719702131677,0.0024240417636488334,0.0030121948972297416,52705.38073536276,0.0398096707319186,0.0030121948972297416
0.0030580495350468573,171583.32473528266,0.03914798121198569,0.0030580495350468573,0.0030342710002056795,53286.86700150795,0.03974460292249307,0.0030342710002056795
0.0024184303100008775,224390.96662933048,0.037858282206672256,0.0024184303100008775,0.003039065595027167,51879.13009804171,0.03986017437112438,0.003039065595027167
0.0027854818883029245,178061.248394579,0.038228386847099456,0.0027854818883029245,0.0030163601860580197,48898.88203206316,0.039874179465906656,0.0030163601860580197
0.0024267944834646905,188327.9898262024,0.03693735514684479,0.0024267944834646905,0.00303190844925096,52862.682879066066,0.03990646622217585,0.00303190844925096
0.002445238165206986,208878.52006583638,0.03732392962763805,0.002445238165206986,0.0030185042301029423,52872.65687695091,0.03981696148522891,0.0030185042301029423
0.0024911750818021818,227080.9931491814,0.03849339308124958,0.0024911750818021818,0.003026159111208748,56700.78548063758,0.03975774521420206,0.003026159111208748
0.0024314542614513697,206305.17538897827,0.0373864809032714,0.0024314542614513697,0.0030176740200775105,57217.294439701676,0.03996826040485597,0.0030176740200775105
0.0024201817704493753,224405.18441069953,0.037855737243253404,0.0024201817704493753,0.003016457542423717,53041.4697717856,0.03993229682915034,0.003016457542423717
0.0028164406620556177,187284.74200647185,0.03790194570723147,0.0028164406620556177,0.0029722865983154733,50911.30083953689,0.03948109623982414,0.0029722865983154733
0.0024803845110432346,202035.06606708188,0.037103241032893114,0.0024803845110432346,0.0030398475656142,47703.29695225113,0.03997476495649711,0.0030398475656142
0.0026701517025064124,218415.06395351296,0.03939119597325231,0.0026701517025064124,0.0030365956515803955,52748.945895965764,0.03975666487414274,0.0030365956515803955
0.0024204037756207263,213208.0009765625,0.03759048303755203,0.0024204037756207263,0.003048904291456893,55190.52924070143,0.03996922424297018,0.003048904291456893
0.0030485745012243785,150226.284441202,0.03939812449683057,0.0030485745012243785,0.002962017773699037,51741.588722760716,0.03941642297054991,0.002962017773699037
0.0024582814323798855,215975.35829411875,0.03737859350472394,0.0024582814323798855,0.0030396866406711956,49494.07811832478,0.039716762481272004,0.0030396866406711956
0.002916665798477312,175790.32820805465,0.03866077937407068,0.002916665798477312,0.0030317828969474974,54235.43718863611,0.039777778433581996,0.0030317828969474974
0.0029299216584698987,167242.4937864247,0.03860634908375173,0.0029299216584698987,0.0030315826285808607,52455.76313583135,0.0396987261075411,0.0030315826285808607
0.002883992669642857,161352.2397955715,0.03862918618291911,0.002883992669642857,0.0030296657129699344,54098.62692862364,0.039825696909249114,0.0030296657129699344
0.0027965650649390893,190843.10094523666,0.03810616774429189,0.0027965650649390893,0.003002000314450744,54044.57795720594,0.0396162363016881,0.003002000314450744
0.002877854214206633,179032.63905402456,0.03841310068227277,0.002877854214206633,0.003026189620587515,53246.51279984082,0.03984553398123022,0.003026189620587515
0.002428207894565888,209445.82874154573,0.03728407835311229,0.002428207894565888,0.003035880948311179,51749.146849694655,0.039864615109003784,0.003035880948311179
0.0025734037280746615,226380.63885694448,0.03900053529161038,0.0025734037280746615,0.0029946408378664076,56578.531176840705,0.039506648203697696,0.0029946408378664076
0.00240426139426556,224852.49710611778,0.037747461606960485,0.00240426139426556,0.0030188295350709066,48067.63848168538,0.03960512855877641,0.0030188295350709066
0.002461276162360417,208748.5699393395,0.0372646099122444,0.002461276162360417,0.003037001913035591,55004.546841546726,0.039872153213368046,0.003037001913035591
0.0025681830195728506,222023.53749522596,0.03892725300375778,0.0025681830195728506,0.0030035353823615355,52236.48755128072,0.03977091030985571,0.0030035353823615355
0.0025441044074769065,166220.34504926324,0.037419266445506916,0.0025441044074769065,0.0030146250166038085,52165.703414645875,0.03973586733795064,0.0030146250166038085
0.002639736254044836,236418.51419837875,0.039748439362438596,0.002639736254044836,0.0030482550384354433,56159.63240880059,0.03985470905508484,0.0030482550384354433
0.002432653606675639,191501.24349069124,0.03700792029647544,0.002432653606675639,0.0030124725028089455,50307.76904946306,0.03983842047284731,0.0030124725028089455
0.0024322981918507283,197589.65543969788,0.037057970641273086,0.0024322981918507283,0.0030258805711258887,50162.86041917465,0.03982699043261836,0.0030258805711258887
0.0027251560102668727,187137.956674708,0.037944067158911486,0.0027251560102668727,0.003002505231437264,50582.91321074405,0.039709039055950315,0.003002505231437264
0.0024487598508707072,199890.75401619638,0.03708680612173411,0.0024487598508707072,0.0029858493665061965,52022.8266687754,0.03959149911439832,0.0029858493665061965
0.002825028382905639,160649.6291426857,0.03837880031159609,0.002825028382905639,0.0029971957964312697,56110.94460981693,0.03983327346651791,0.0029971957964312697
0.002422209690776792,200769.36639638466,0.037387983338667614,0.002422209690776792,0.0030204886762661195,52384.386652156674,0.03972162438445948,0.0030204886762661195
0.0026575666299034463,185627.29413053306,0.0375779738078023,0.0026575666299034463,0.0030405547923036016,46751.91652301882,0.03984271077790576,0.0030405547923036016
0.0025740762605414827,190955.1511200631,0.03721070083061067,0.0025740762605414827,0.0030295622967676902,53122.14709865502,0.03987825607672467,0.0030295622967676902
0.0027205183627176106,188694.79571348135,0.03767799600811288,0.0027205183627176106,0.0030154758512276883,53090.88377275332,0.03962667626233334,0.0030154758512276883
0.002427136834415764,220986.07747612378,0.03736830941668832,0.002427136834415764,0.0030244891672467113,50558.86806160691,0.039862096679646034,0.0030244891672467113
0.0029755026507790727,185891.64097587662,0.038803448550181814,0.0029755026507790727,0.003006848680120719,53153.00021834882,0.03962150495254674,0.003006848680120719
0.002447070876634357,196770.69576365405,0.03705081546513161,0.002447070876634357,0.0030219582652382423,51573.82490806309,0.03982548565807871,0.0030219582652382423
0.0024425516338410355,213015.8994985146,0.03781820143951048,0.0024425516338410355,0.0029766007631927085,52154.7935070999,0.039484024163349264,0.0029766007631927085
0.0025667756482368647,175912.89411276637,0.03728996390605917,0.0025667756482368647,0.0030427758695231776,52071.92395408117,0.04005538620919976,0.0030427758695231776
0.002461761282295874,176695.53394725535,0.036915943874876095,0.002461761282295874,0.0029960506296160187,51910.59558582256,0.039531579700211004,0.0029960506296160187
0.0025420694077147705,224568.17450955836,0.03865649145428497,0.0025420694077147705,0.003010982992930149,51932.604526154944,0.03949592835884062,0.003010982992930149
0.002823599738686687,151299.27525261606,0.038896959127471,0.002823599738686687,0.0029734527898724306,52555.45887241574,0.03933152045097341,0.0029734527898724306
0.0026475429917584255,180495.68127143028,0.037546151751043776,0.0026475429917584255,0.0029969138476979994,54495.220742061276,0.03950676449618087,0.0029969138476979994
0.002672432299408287,190636.752788657,0.03760515039067457,0.002672432299408287,0.003037676035685448,54068.31253846269,0.039825945826373596,0.003037676035685448
0.002756199598920965,177150.33062865003,0.038106187071540565,0.002756199598920965,0.003004886936964061,57126.26178667236,0.03976358292811304,0.003004886936964061
0.0024227268260783785,212330.69242027964,0.037513809592121895,0.0024227268260783785,0.003019439462225843,49459.77689480243,0.03995204173102857,0.003019439462225843
0.0029670465599266017,163268.2559252824,0.038474964734056205,0.0029670465599266017,0.002994874655990947,55588.089788084086,0.03977798582047334,0.002994874655990947
0.0031446401481654974,174324.41646530604,0.03926182582531825,0.0031446401481654974,0.002984147386491314,51198.538696272524,0.0395580654003654,0.002984147386491314
0.003929276784679087,140433.23102025702,0.04414267115073629,0.003929276784679087,0.0029837646415428742,52212.697834074526,0.03955480941246825,0.0029837646415428742
0.002425566246493323,203636.36974561334,0.03703850913460892,0.002425566246493323,0.0030229910557254703,49814.61117196396,0.03973877678184339,0.0030229910557254703
0.0024439857046276627,223203.70633946787,0.03800692276494338,0.0024439857046276627,0.002998802566698239,51967.463866804625,0.03971246623297585,0.002998802566698239
0.0026768202141923183,182706.77785291767,0.03753699771691077,0.0026768202141923183,0.0029723883849479106,53432.19073068075,0.03954634558227397,0.0029723883849479106
0.0024004703051050996,212490.2136436689,0.03749958945825548,0.0024004703051050996,0.00297693659233823,55319.96815306553,0.039265201666357635,0.00297693659233823
0.002431159894360174,209643.48584815298,0.03765728634477842,0.002431159894360174,0.0030003003368650415,48802.68334952168,0.03975724807098171,0.0030003003368650415
0.0026003225881716992,213752.6407707139,0.03760230887939434,0.0026003225881716992,0.002991398093175619,50549.08383554367,0.03945537045973887,0.002991398093175619
0.002614724537413014,203133.30089674846,0.03745673172692261,0.002614724537413014,0.002984498924761962,50972.34669969612,0.03945968905194646,0.002984498924761962
0.0026724143945012647,152441.06190785323,0.03805611551840707,0.0026724143945012647,0.002967416265753308,55435.759769373544,0.03932163894129501,0.002967416265753308
0.002523157983040898,203708.09779395678,0.037195009207076364,0.002523157983040898,0.0030053422619411023,48985.33728357496,0.039715930032560964,0.0030053422619411023
0.0024377072165434315,209587.14297999014,0.0370027924897057,0.0024377072165434315,0.003000592804820724,52885.38679128688,0.03949005614048045,0.003000592804820724
0.002901142831928659,167349.23852644817,0.038790033226556116,0.002901142831928659,0.002986538848331706,53627.067473395524,0.03958857335694451,0.002986538848331706
0.0024310797660399485,191701.78348205113,0.0370947969800765,0.0024310797660399485,0.0030379606949442464,58858.312492567056,0.03990359790525309,0.0030379606949442464
0.003765653768130163,160535.10264058632,0.042101620816358244,0.003765653768130163,0.0029618246972666594,56258.77700590574,0.03936666481028528,0.0029618246972666594
0.002399827893085704,209004.70750646308,0.03712087751615165,0.002399827893085704,0.003039502053136418,51555.10745445277,0.03969713848395468,0.003039502053136418
0.002680443047481303,178220.29071097798,0.03768879953439873,0.002680443047481303,0.0029828561535002337,49189.94864734473,0.039711760332552436,0.0029828561535002337
0.0025528091706778153,170225.9464424813,0.03712976344003536,0.0025528091706778153,0.002994109112994488,48121.93517370319,0.03961052993411336,0.002994109112994488
0.0029832866079736466,183275.03065891078,0.03857538288477624,0.0029832866079736466,0.002991765425665303,50585.03334337476,0.039431054624706835,0.002991765425665303
0.002549154859146859,177740.80242893484,0.03728252339481127,0.002549154859146859,0.00299965024397709,54583.209230602384,0.0396326304155466,0.00299965024397709
0.0025641877287168905,183811.61580967667,0.03721889429310761,0.0025641877287168905,0.002979388360435234,51661.53900638055,0.03949048097137239,0.002979388360435234
0.002650288987148664,188743.52739424753,0.03735792858175712,0.002650288987148664,0.003030823825805189,50496.155111295826,0.03976766625933126,0.003030823825805189
0.002542389630533681,222355.14169062246,0.03850758378163423,0.002542389630533681,0.003000231683268924,51778.22857941544,0.03940449991369648,0.003000231683268924
0.0024355550038416196,205476.74792578668,0.03715011617629835,0.0024355550038416196,0.0029892003491836052,52963.441462955285,0.03958122293243142,0.0029892003491836052
0.0026431101083866145,170358.26534343002,0.03744728531282727,0.0026431101083866145,0.0030113692081930273,55019.84609569804,0.03963593002633865,0.0030113692081930273
0.0025130943579617705,204798.51474391823,0.03718473832353507,0.0025130943579617705,0.0030004271441048743,45896.612432961956,0.0395380528863956,0.0030004271441048743
0.0025661013845243667,201416.07193986495,0.037289881691484165,0.0025661013845243667,0.002995114903446802,51019.37361195435,0.03948800676295272,0.002995114903446802
0.002453340219776377,214518.80461883545,0.037143328955562986,0.002453340219776377,0.0029922254126997596,50126.73680535706,0.03934234568650511,0.0029922254126997596
0.0024841189578101775,193497.96154426347,0.036850368364317584,0.0024841189578101775,0.0030006076618138344,52947.09518485538,0.039479091918145866,0.0030006076618138344
0.00254390170419644,172511.18682653597,0.03717667358641577,0.00254390170419644,0.002977969787189765,57747.77851831493,0.03934109808423929,0.002977969787189765
0.003274081182656902,179191.82376155286,0.03987895402282771,0.003274081182656902,0.0029749004890935724,52637.787997574036,0.039147605274814215,0.0029749004890935724
0.002458096548712047,188300.18676844682,0.03705766675348329,0.002458096548712047,0.0030120550507397688,51086.671020539885,0.03978736305250128,0.0030120550507397688
0.002926404636334812,186848.89523224783,0.03860896759399093,0.002926404636334812,0.0030142642476625793,51247.60752122651,0.03959036291945438,0.0030142642476625793
0.00258704810172762,215500.0514984886,0.03886042159087587,0.00258704810172762,0.0029576937369493296,55456.84624424472,0.03928632870183389,0.0029576937369493296
0.0024082957084594976,201642.13149971538,0.037043241507346086,0.0024082957084594976,0.0029933591686723596,50747.92983901695,0.039287115319490556,0.0029933591686723596
0.00239035523367474,207724.85167512798,0.037217944049009,0.00239035523367474,0.0029886002412297837,49414.74486192853,0.03957609817800682,0.0029886002412297837
0.002455114511459476,179005.95921246367,0.03688788277530434,0.002455114511459476,0.0029914335712802236,53254.60866323823,0.03942985556475501,0.0029914335712802236
0.002499545965860091,184470.0563091618,0.0370411720532592,0.002499545965860091,0.0029886441209357913,56685.441405024205,0.039588449733293625,0.0029886441209357913
0.002477399866548505,211731.97075011,0.03789016187633618,0.002477399866548505,0.0029930647976962725,48020.53131025338,0.039511137959585024,0.0029930647976962725
0.002416283208046957,206009.04484044443,0.03720770680373258,0.002416283208046957,0.0029662233426568894,50649.17362849786,0.039291847630340805,0.0029662233426568894
0.002453718477362158,194802.5118302449,0.03687747634283387,0.002453718477362158,0.002995656164648345,52486.9963903803,0.03964592676748743,0.002995656164648345
0.002526175269930817,197577.49370756245,0.03710197258998852,0.002526175269930817,0.003015262673668176,52411.22459067587,0.03985170817812117,0.003015262673668176
0.002525389314361728,179140.4280106195,0.037126104836121644,0.002525389314361728,0.002970037652136532,50340.58373171896,0.0393669054605149,0.002970037652136532
0.003325150783939084,168181.40783986007,0.04025912978271447,0.003325150783939084,0.002977156991562872,51363.26918125303,0.039613317817653156,0.002977156991562872
0.002825831146080895,156982.55865501176,0.038576536728899075,0.002825831146080895,0.002976971227701125,54069.69625795408,0.03953570496786192,0.002976971227701125
0.0025059541751916454,223450.06977776255,0.03836872059815001,0.0025059541751916454,0.0029742570161570845,51938.475161317394,0.03962234905086501,0.0029742570161570845
0.002399777004605915,194760.72758313926,0.03673237208092567,0.002399777004605915,0.002951243076242479,55376.84736990465,0.03926685823032684,0.002951243076242479
0.0026722011700420095,186533.63926145347,0.037543145810613535,0.0026722011700420095,0.003013704172386952,49292.454082320626,0.039756614994796026,0.003013704172386952
0.002481118317158653,182657.88521016942,0.036937642067965896,0.002481118317158653,0.0029752821310634245,50430.897601954006,0.03946592530731897,0.0029752821310634245
0.0024654787992781932,216197.65098201638,0.03783355195923607,0.0024654787992781932,0.002985671908201682,52111.75231970728,0.03953245911244117,0.002985671908201682
0.0028294081486171423,164060.8215258759,0.03860425934343055,0.0028294081486171423,0.003003069286244954,52180.97197035621,0.039651574520957016,0.003003069286244954
0.0024175067837949437,200365.9474323386,0.036871180897301965,0.0024175067837949437,0.002994832803795718,50473.2606971413,0.03947392374147914,0.002994832803795718
0.0029016771874768605,156924.56808169527,0.039010644954915095,0.0029016771874768605,0.002981847860271437,50835.35079667196,0.039618782513137246,0.002981847860271437
0.0024352867621928453,196255.42661058783,0.03702562553162622,0.0024352867621928453,0.002972656578687864,50426.31834273155,0.039553336180546884,0.002972656578687864
0.002451655187524191,204750.23074454127,0.03737724649876651,0.002451655187524191,0.0029446639034200186,51228.663266326774,0.03945336098960369,0.0029446639034200186
0.002481475974995606,239479.2669111195,0.03850034904657024,0.002481475974995606,0.002980584047095585,48901.68792226273,0.039514560019475065,0.002980584047095585
0.002476788856697702,198956.15627685396,0.03692172098867964,0.002476788856697702,0.002988854232178125,54104.5074650338,0.039609163421090186,0.002988854232178125
0.0024217387504580586,189364.00531119166,0.03673062635825412,0.0024217387504580586,0.0029771586497624064,52511.087756052184,0.0396219590327424,0.0029771586497624064
0.002477586320094248,174093.8490576036,0.036827800113080754,0.002477586320094248,0.0029825215795357806,53140.61047576567,0.039328944908980625,0.0029825215795357806
0.002812980683428226,168026.39331980035,0.038074708958663564,0.002812980683428226,0.0030202729132831983,55460.08945638182,0.039584644690852884,0.0030202729132831983
0.0025119811162758287,192791.2390420366,0.0371702396412297,0.0025119811162758287,0.0029908062568882844,52827.8406071931,0.03969066797085674,0.0029908062568882844
0.002509969125252844,173700.1205860931,0.03682373110020515,0.002509969125252844,0.002967239732776254,47178.666984789634,0.03927118242906697,0.002967239732776254
0.0024895307003972257,248882.60777615083,0.038875724788349456,0.0024895307003972257,0.0029748129851468147,51817.99630123856,0.03932689451252825,0.0029748129851468147
0.0027505384001991536,177860.4206768829,0.0377172451503206,0.0027505384001991536,0.0029701213802627463,58047.41299421989,0.03931583969007651,0.0029701213802627463
0.0024415871063892796,195323.38578139202,0.036859865309578355,0.0024415871063892796,0.0030067086434388203,49956.38487417248,0.03949731768853277,0.0030067086434388203
0.00240777216685733,210921.48800492994,0.037051130307487926,0.00240777216685733,0.0029541157961480956,51774.42911668558,0.039394233804499544,0.0029541157961480956
0.002428026796124949,194393.01647250488,0.03682252506513407,0.002428026796124949,0.0029660145276438014,48442.1983446897,0.03950006279877093,0.0029660145276438014
0.002514387900470802,166716.34198776094,0.03686553641858668,0.002514387900470802,0.002984949816566468,50648.699582276815,0.03932205582144257,0.002984949816566468
0.002427478214854946,213086.461936573,0.03701113496381458,0.002427478214854946,0.0029947924232174004,47766.26274805776,0.039524654062544115,0.0029947924232174004
0.002452293141182549,189770.25829436048,0.036774657150306325,0.002452293141182549,0.0029426269032941034,51357.89487365015,0.039261672664404355,0.0029426269032941034
0.002416456770612904,201577.8201981346,0.03697930490321452,0.002416456770612904,0.002984892355236046,47938.96256474752,0.039479278206151845,0.002984892355236046
0.0024100052363395987,216708.45293932623,0.03750632009883918,0.0024100052363395987,0.0029479339028768833,51014.58491739773,0.03912870386440191,0.0029479339028768833
0.0024047021680317893,199657.5358444818,0.03681700160302738,0.0024047021680317893,0.002967355307069261,49812.147523736174,0.03952726402872497,0.002967355307069261
0.0024284393651097425,220550.39979621206,0.03766850931662144,0.0024284393651097425,0.0029791890466375317,49125.305939615246,0.03930767617152668,0.0029791890466375317
0.0027682566876975024,180261.93444827996,0.03794695049671844,0.0027682566876975024,0.0029871121898765274,52966.979128991436,0.039569900555636965,0.0029871121898765274
0.0024807842144060253,188779.28471687998,0.036820390400024924,0.0024807842144060253,0.0029650472958057854,53678.992113031214,0.039325330509200764,0.0029650472958057854
0.003262137996475443,157788.94003167484,0.040253546199586134,0.003262137996475443,0.002984022094547079,54748.60968859849,0.03935732167846456,0.002984022094547079
0.002514214554598721,201612.7871328675,0.0373510057014404,0.002514214554598721,0.002925307706245077,54695.938206136445,0.039254954913792585,0.002925307706245077
0.002416118615223925,199102.35788364222,0.037004280577201655,0.002416118615223925,0.00297988068505229,51878.78593354719,0.0392845424554784,0.00297988068505229
0.002928391709868418,148054.77290812577,0.03911297639260198,0.002928391709868418,0.0029983029879934995,51052.824881519075,0.0397528262571072,0.0029983029879934995
0.002454399479331799,182904.72820047813,0.037068616857032964,0.002454399479331799,0.003004313752943913,52922.61268868299,0.03974273078499878,0.003004313752943913
0.002435828738910432,215414.89692204542,0.03766139670468793,0.002435828738910432,0.002974263304909099,49381.31627575172,0.03929520030547554,0.002974263304909099
0.002446742502437665,207032.29447785934,0.03734445191993572,0.002446742502437665,0.0029707728598572223,52690.1227997185,0.03940335966556622,0.0029707728598572223
0.0024310454546409375,205902.90922757896,0.037451566150873014,0.0024310454546409375,0.002927113798874197,52336.22351997373,0.03918798168004342,0.002927113798874197
0.0024193125629410296,208848.11522568806,0.03698335278152239,0.0024193125629410296,0.002942293251843079,49002.4313080287,0.039251521408863274,0.002942293251843079
0.0024559017003394,178616.0120710996,0.036819263591919796,0.0024559017003394,0.0029563185783603274,48141.02427672889,0.03928825589062287,0.0029563185783603274
0.0024676221090894524,193875.21960547418,0.037334191843424694,0.0024676221090894524,0.002947518832641945,53242.42997951979,0.03957300910386548,0.002947518832641945
0.002492043210451703,201033.89421459235,0.037060330446698875,0.002492043210451703,0.0029831740210401465,52121.004658355254,0.03960171822973351,0.0029831740210401465
0.0027207525903451264,179980.7633835443,0.0375423997198001,0.0027207525903451264,0.002967398980372065,52378.90889833754,0.039198714936337094,0.002967398980372065
0.002508797530674993,195062.06606934802,0.037112444934278434,0.002508797530674993,0.00299854539503616,54880.63738838973,0.03938753426826695,0.00299854539503616
0.0025182007350912777,194463.58168143092,0.03712920261786716,0.0025182007350912777,0.0029824155614541522,52577.26860385761,0.03943547628980465,0.0029824155614541522
0.0031645550613872485,169419.13650233202,0.03913802565029352,0.0031645550613872485,0.0029373150721390077,54018.26444477817,0.039334094049081135,0.0029373150721390077
0.0025139993522316217,202986.40039183362,0.03795509903442742,0.0025139993522316217,0.002977469050082223,50501.07321536034,0.03961010960958941,0.002977469050082223
0.0023824541995504703,207300.0241611594,0.037022663188157695,0.0023824541995504703,0.0029682015942158082,53743.913179292846,0.03950498358033797,0.0029682015942158082
0.002703153044169787,172982.98778201567,0.037475935192686494,0.002703153044169787,0.0029648556401542007,51031.304473874945,0.03937582579342021,0.0029648556401542007
0.00250863530304246,180800.46167237687,0.036837425451762607,0.00250863530304246,0.0029752877285421147,51337.20964625254,0.03944035352678031,0.0029752877285421147
0.0025049321547076842,210945.9484247642,0.037926091157858915,0.0025049321547076842,0.002984870963691256,52592.754608040035,0.03942195435519038,0.002984870963691256
0.002556296936835688,178728.65558378768,0.03705308202764775,0.002556296936835688,0.0029323851868081536,52907.49552729753,0.03924440968971596,0.0029323851868081536
0.0024251053570815834,219468.79220460192,0.03784083409032019,0.0024251053570815834,0.0029676215634086667,49137.144226904114,0.039347916003659215,0.0029676215634086667
0.0025000299470001224,194793.9892971681,0.03690316085473146,0.0025000299470001224,0.0029684472641297354,53782.896145973464,0.03948555274803389,0.0029684472641297354
0.0025658344015442205,196189.82794197006,0.0372712449124544,0.0025658344015442205,0.0029564153232244177,52075.93723641504,0.03935351475673917,0.0029564153232244177
0.0024390265179595146,190956.7242791582,0.03677278259160495,0.0024390265179595146,0.0029465256460599262,54722.914633229724,0.03929362572627793,0.0029465256460599262
0.002733674589636745,151115.32258447327,0.03839219276710312,0.002733674589636745,0.0029855169192165984,51204.30764177957,0.039380832091247917,0.0029855169192165984
0.0028426147384181767,167766.90124096256,0.038215365002651026,0.0028426147384181767,0.0029521992915083374,51790.07542746179,0.03921911289746111,0.0029521992915083374
0.0023971915494023573,211481.1250895132,0.03702666049841607,0.0023971915494023573,0.0029557853425973835,52653.04807378014,0.03934850357375017,0.0029557853425973835
0.0024081068989442716,200835.813738077,0.037215934494639384,0.0024081068989442716,0.0029493285854715564,54007.66463107682,0.039412969268204597,0.0029493285854715564
0.0027564508093539442,162452.35894084212,0.03795584199009555,0.0027564508093539442,0.0029673106648826593,49274.54296936841,0.039308521869194486,0.0029673106648826593
0.002439078015026332,196358.17655744648,0.03686548894879842,0.002439078015026332,0.0029505579309030013,49980.25744210352,0.03942062531921404,0.0029505579309030013
0.002438155839699182,198781.13614850942,0.03669517996287582,0.002438155839699182,0.002937743970348597,51791.08396991704,0.03923770201187415,0.002937743970348597
0.0024776266090166155,174696.50853952087,0.0366637707494273,0.0024776266090166155,0.0029533588335053096,56183.783320231996,0.03925073047570348,0.0029533588335053096
0.0028042914023124936,196909.60949865662,0.037915627481323655,0.0028042914023124936,0.0029669412883038715,52724.82231512686,0.039392378294759216,0.0029669412883038715
0.0025251764864061433,165256.41826769384,0.036995399042521374,0.0025251764864061433,0.002961845270294894,53278.56589231426,0.03934805635685865,0.002961845270294894
0.002735912055238196,197603.73974613153,0.03755861465441118,0.002735912055238196,0.0029020188757425437,56271.18579717817,0.03887320655489588,0.0029020188757425437
0.0026236840542221422,162402.37057819933,0.037400451700876254,0.0026236840542221422,0.002944991989325511,51781.05713891056,0.03921241521506452,0.002944991989325511
0.0027358472591616436,187563.79633448384,0.03768240383798533,0.0027358472591616436,0.0029481553709446696,56334.79648400455,0.03936216197379376,0.0029481553709446696
0.002405529200920079,211328.41181764507,0.03703414774177098,0.002405529200920079,0.0029594062797429605,52917.330728054294,0.039458277450773634,0.0029594062797429605
0.002461670137167272,176172.98729871996,0.03675666536287506,0.002461670137167272,0.002971555393373205,53166.57011594386,0.03941709735576128,0.002971555393373205
0.0024150025657387357,191160.53609602523,0.03674243342610869,0.0024150025657387357,0.002919152855158099,50105.72193210299,0.03877696970157635,0.002919152855158099
0.002496096077329009,187414.13640126144,0.03694340221510075,0.002496096077329009,0.002966113114476016,51269.68767445074,0.03941722659475385,0.002966113114476016
0.0024128623426624453,232699.03346101363,0.037749911962759376,0.0024128623426624453,0.0029315134369451564,50699.9289806374,0.03905365733146918,0.0029315134369451564
0.0025025378649888358,199475.5997049313,0.03704844134868962,0.0025025378649888358,0.002948807953884781,53895.742069393724,0.039449098329605456,0.002948807953884781
0.0025688878763098235,176778.70130474732,0.037009962530124306,0.0025688878763098235,0.0029520704034134487,53387.025286677504,0.03923761503427391,0.0029520704034134487
0.0025264728805142462,163276.66684839985,0.0368940463603133,0.0025264728805142462,0.0029653186664666494,52928.42921953908,0.039423133124740765,0.0029653186664666494
0.0025430091352450965,205798.70091179575,0.037314703226974694,0.0025430091352450965,0.0029476105449138834,49177.17600624798,0.03906298279409902,0.0029476105449138834
0.0024795957845589606,184768.41057556454,0.03685823595612356,0.0024795957845589606,0.0029372215196118347,51309.166664001255,0.03935268138208893,0.0029372215196118347
0.002417005351882907,209302.81908099487,0.0370057810208585,0.002417005351882907,0.002932126099523695,54521.26184244752,0.03909904417580388,0.002932126099523695
0.0035672947063599483,154070.42377891162,0.04150875163550424,0.0035672947063599483,0.0029285772381442404,48002.55421799757,0.039170914525836625,0.0029285772381442404
0.002439951049256148,190578.11002459386,0.036717385680663704,0.002439951049256148,0.002974749831639375,51323.87740768437,0.03931554134776576,0.002974749831639375
0.0024476063087361284,182659.64816703417,0.0366744868236013,0.0024476063087361284,0.0029671614534743777,51587.9807838013,0.03916901055012824,0.0029671614534743777
0.0024241845026649164,204260.74903439058,0.03729203612645074,0.0024241845026649164,0.002939381176034205,49786.07918901439,0.039214396456778204,0.002939381176034205
0.002428912377851729,189615.76916688975,0.037136538747218575,0.002428912377851729,0.0029454964634688806,55138.91562865974,0.0391539200735183,0.0029454964634688806
0.0024586779982921215,211384.129613442,0.036941055835473656,0.0024586779982921215,0.0029462116865389327,49806.820589787196,0.03908345343655683,0.0029462116865389327
0.002475422325239766,176907.71502927272,0.03669414053311442,0.002475422325239766,0.002953736777896971,52683.0888540275,0.03941800039705952,0.002953736777896971
0.0027337546257468143,212242.51932661605,0.03941595340424245,0.0027337546257468143,0.002960045770088654,48990.71687959259,0.03930770689195792,0.002960045770088654
0.0026016140259839224,189018.150578225,0.03709728728131492,0.0026016140259839224,0.00293333168503453,52620.3492448915,0.039352346186223186,0.00293333168503453
0.002435058989276243,203058.02362090762,0.03677243650844782,0.002435058989276243,0.002969757241639345,49640.43338623688,0.03938760490196351,0.002969757241639345
0.002567783809534394,209443.8031774842,0.03844546058242864,0.002567783809534394,0.002942876679249229,57422.53170256331,0.039370352193846304,0.002942876679249229
0.0024531218914849925,200049.17807014388,0.03688974781791762,0.0024531218914849925,0.0029602963217380943,50054.90185179437,0.03923533094094511,0.0029602963217380943
0.0025771255558817694,198953.32391047713,0.037054932132215786,0.0025771255558817694,0.002936637849525925,54433.2919977562,0.03925021729592079,0.002936637849525925
0.0024045058871886814,203928.52477423035,0.0371617266889846,0.0024045058871886814,0.0029931612518585187,50870.26233534029,0.03952548227894952,0.0029931612518585187
